content,sentiment
si ijo ini sahabat blanja onlen saya sejak 2011..start up pertama yg saya pakai dan masih saya percaya smp sekarang...ya ngga tau ya kompetitor2nya luar bisa main banting harga dan promo2 dan toko2 online live nya juga terkadang menggoda yang disebelah..whatever tokopedia selalu dihati saya.selalu dihati karena klo sya bawel sm komplenan masih tokopedia juaranya..yang care sm perasaan konsumen saat komplen.semoga bs lbihbaik dan bertahan dg mnerima masukan konsumen2 bisa bangkit kembali❤️❤️❤️❤️❤,positive
Manatap,positive
semog@ bener,positive
Pengiriman melalui gosend tolong no tlp custmer jangan di samarkan Menyusahkan driver menghubungi custamer,negative
san aja untuk pihat toko pedia cobalah jangan pake kurir rekomdasi SAPX lanya pengiriman ampir 2 minggu paket belum sampai mau komplen kesiapa kontak gudang cabangnya juga tak ada,positive
Karena kobo kaeneru collab sama tokopedia,positive
sangat bagus,positive
Okkk,positive
"Mempermudah belanja, itu sudah pasti",positive
"Mahal"" Dsni beda kayak shoppy sama lazada",negative
"Kasih promo tapi pesanan dibatalin sistem hahaaa kena prank marketing Tokopedia, hapus saja mending Shopee dan lazada.!!!",negative
Sangatt baguss,positive
burik,negative
Terima kasih tokopedia sudah mengirim barang saya,positive
apk ribet. lupa nomer aja harus verifikasi lagi. terus mau order harus verifikasi. nmrnya ilang ribet aplikasi macam apa ini,negative
Bintang toedjoeh,positive
mantap buat pengguna baru banyak promoan,positive
mantapp,positive
"Beli mainan di tokopedia, ternyata barang ilegal, tak ada SNInya, sehingga keamanan brg belum terjamin, pas minta refund toko menolak, complain ke tokopedia sampai ngomong chat ke CFS , stlh tokopedia setuju pengembalian brg, sy pilih penjemputan brg oleh kurir jnt, sampai batas waktu ternyata kurir tak pernah datang,saya ke jnt terdekat, mrk bilang tak ada kerjasama dgn tokopedia. semua hanya akal2an tokopedia spy konsumen tak jadi refund. knp tokopedia membiarkan penjualan produk ilegal?",negative
bagus bagi pengguna baru 👍,positive
"Harga dan ongkir nya udah bagus,klo bisa banyakin bonusan untuk tiket pesawat nya",positive
"Membuat pembeli kesulitan, Agak belibet ketika melakukan orderan. Tidak semua kolom dibuat dalam satu halaman ketika melakukan pemesanan. alamat, catatan, pembayaran, kode promo dll",positive
tokopedia sdh tidak menarik lagi sejak voucher cashback dan gratis ongkir tdk bisa digabung.migrasi ke toko sebelah heheheh,negative
Tadi saya beli barang lalu kok tiba² di batalkan sistem gitu kan emang bagus sekali tokopedia ini kaya pntk,negative
Parah aplikasinya tiap mau buka pitur2nya harus download dan selalau gangguan dirumah tokped. dan tidak ada ulasa untuk jasa pengiriman. Mungkin karena pengiriman gratis ongkirnya buruk jadi ga mau di nilai ya? Contoh lah pengiriman gratis di LAZADA mantap mereka. Semoga keritik ini membangun tokopedia lebih baik jangn hanya lebih2in aja tambahan biya ini itu.,positive
"suka pakai tokopedia,, sering ada diskon.. terimakasih tokopedia...😊😊😊",positive
"Di toped kan ada fitur gopay later, setelah sy ganti nomer hp gopay, fitur gopay later tidak tampil.gmn Mao bayar tagihan nya min.solusinya dong?",positive
Mantap.. 👍👍👍 sangat berguna... 👍👍👍,positive
"Ku edit , dari bintang lima terjun bebas ke satu aja, haha,, sampai kebijakan promonya kembali lagi seperti kemarin.",negative
muantap,positive
Ok,positive
"Dari bulan 10 2024 komplain soal kurir rekomendasi, sekarang Januari 2025 masih sama jeleknya. Udah banyak yang bilang sistem kurir rekomendasi ampas, jelek, Dateng nya pasti di ujung estimasi. Karna apa? Karna di lempar² bos, misal sapx ke JNE, abis dari JNE ke j&t abis itu ke sicepat. Abis waktu buat lempar² an paket kocak, yang bikin sistem itu siapa sih? Mau tau orangnya yang mana coba kasih kontaknya. Mau kasih tau betapa ga efisiensi sistemnya, komplain di cs juga ga sampe soalnya wkwk",negative
good job,positive
bagus dan murah,positive
Ganggu banget iklannya ANJINNNGGGGGGGGG!!!!!!,negative
Heh admin ini bagaimana cara milih metode penggalian barang yang retur. Soalnya kagak ada klik nya. Aneh banget nih apps.,negative
KALO NGASIH PROMO YANG NIAT MASA PENGGUNA BARU TRUS TRANSAKSI GAGAL DIH GAJELAS,negative
Kenapa ya gbsa buka tokopedia card .padahal udah jatuh tempo mau d bayar jadi susah bantuan nya dong?,negative
najis ngasih promo sendiri di batalin sendiri sama sistem!,negative
gapernah mengecewakan,positive
Maaf saya udah pakai dari dulu tapi sepertinya makin kesini kualitas pelayanan nya semakin berkurang mahal dan pelit. Saya bandingkan dengan toko oren ternyata untuk saat ini memang tokped kalah dalam segi pelayanan ke customer. Hanya unggul di UI aja yang lebih rapih.,negative
Kok ngak bisa cod,negative
good,positive
mantap,positive
mantap,positive
Goo.. Senang berbelnja d sini😘😘,positive
"BRG Uda 7 HR blm SMP, ekpedisi makin ke sini jelek bangeettt performanya.....padahal toko & pengiriman sm2 tang sel. Masa iya tunggu 1 Minggu BRG blm SMP, Uda sekian kali baik si cepat atau antar aja barang sengaja di tahan2, lucunya utk cash payment Sedangkan cod bs cepat, kan sm2 beli....ko malah di perlama. Tlg tokped di tegur keras expedisi yg bermasalah Sy pelanggan setia di tokped, lihat history pembelian sy, jgn SMP customer kecewa & berdampak PD Tokopedia jga. Makin kesini tokped jelek",negative
Sangat efektif aplikasinya,positive
"Verifikasi toko aja susahnya minta ampun, gangguan terus.",negative
bagusssss,positive
oke,positive
awet dan gak karat ya mas,positive
Bagus,positive
Instal nya gagal terus,positive
Berapa kali transaksi selalu dibatalkan otomatis padahal sudah transfer berkali-kali dan saldo saya tidak dikembalikan dengan alasan adanya indikasi pelanggaran. Kecewa belanja di sini. Lebih baik kembali fokus ke toko online sebelah,negative
😛,negative
sippp,positive
semogga semua orang banyak disukai tentang apk ini amin,negative
belanja,positive
Good,positive
gud,positive
Ok,positive
cukup baik,positive
belanja nyaman dan aman,positive
"Oke sudah bisa daftar nya, terimakasih",positive
Mabar di depan sekolahan ya,positive
bagusan war kupon yang lama masih ada kemunginan dapat. sekarang jadi jelek kalah mulu sama bot ikut2an sistem si orange. war kuponnya kayak boongan buang2 waktu. kecewa berat,negative
sangat puas,positive
Ini kenapa harus aktif dulu paylaternya???,positive
mantap mantap,positive
kemarin saya install berharap bisa belanja 0 rupiah. eh saya tuduh mempunyai akun ganda. pesanan saya dibatalkan. ya udah hari ini saya unistall saja. nyesel aku download aplikasi ini,negative
Ya sudahlah,negative
Verifikasi kode sms aj lama bgt ga masuk2 .,negative
kemarin saya beli barang pembayaran pakai bonus koin dan dana eh sama sistem dibatalin dana dah kembali tapi bonus koin saya 500 ribu belum kembali sudah 2 Minggu tolong kembalikan bonus koin saya..bonus koin saya belum kembali ehh Ama Tokopedia laporan dah ditutup cok2 Tokopedia emang jahat🤬🤬🤬,negative
"E-commerce yang sering membatalkan transaksi by sistem secara sepihak tanpa adanya penjelasan yang jelas,",negative
mantap...,positive
katanya dapet potongan 20 ribu jika pake gopay ternyata engga ada tuh,negative
Sensasi belanja Online terbaik.,positive
Dah lah ga Ada gratis ongkir,negative
Story baru 5 menit sudah ngilang,negative
"Alhamdulilah blm pernah kecewa baik dari seller, barang dan kurirnya. Walaupun harga bukan yang termurah. Jujur dari awal itu lebih penting",positive
oke,positive
Hallo saya vebica gilva rulisya peserta prakerja telah membeli pelatihan di tokopedia cara pembelian nya sangat mudah dan cepat sukses selalu terimakasih,positive
Bagussss,positive
cukup puas,positive
keren,positive
"Sekarang Tokopedia kacau, mamam tuh kurir rekomendasi. Asli lemot parah ituh ekspedisi ""id express"" To the point aja, mending di toko sebelah deh, paket satset dengan ekspedisinya..",negative
Aplikasi yg sangat parah,negative
"pengiriman sering terlambat tanpa kompensasi apapun, minim bantuan juga. kecewa berat.",negative
penyelesaian masalah lama apa lagi klau masalah dngan kurir nunggu penyelesaian 3hr aduhhhhh keburu barang rusak di bawa kurir.......😤😤😤😤😤,negative
APLIKASI TOLOL. LAMA BANGET SAMPAINYA DANA PENJUALAN KE REK PENJUAL.,negative
"Good, saya sangat suka aplikasi ini dari dulu Barang nya slu tahan lama",positive
Transaksi lancar mudah oke deh,positive
Mantab,positive
"maksa bgt harus update, heran. padahal mau pantau pesanan udah sampe mana tapi malah gabisa karena harus bgt bgt update",neutral
"barang discount hanya bs beli 1 aja, tdk bs beli banyak",negative
"Toped gila, 4 akun saya pertama transaksi di batalkan sistem terus ga perna di setujui",negative
Toko pedih kenapa sekarang kaga ada promo ya dan mahal-mahal banget sekarang ya padahal kan biasanya banyak promo tapi ko sekarang kaga ada jadi kecewa banget sama toko pedia😏,negative
Sgt menyenangkan,positive
"Okey bgt,diskon g bohongan",positive
"Pelayanan cs dan peraturan nya sangat mengecewakan, masa kalo setiap ada promo gede selalu ga bisa pake , karena katanya melanggar s&k, saya di bilang melanggar karena data digital nya sama alamat nya sama, lah kalo alamat nya sama masa Iyah kalo misal di kost bareng atau dimanapun pasti kan tinggal ga cuma sendiri, dan itu ga dapet, terus, data digital nya juga beda ,nama beda metode pembayaran beda, nomor beda ,malah di sangka sama, saya lapor ke cs malah kabur dan cuma ngasih info melanggar",neutral
saya suka banyak cashback,positive
tidak ada kredit,negative
Good,positive
"Mungkin Tokped ga semurah oren, tapi Tokped unggul di semua sisi termasuk pelayanan pengguna dan aplikasinya yang stabil.",positive
"Apk pembelanjaan yg gk bisa cod sama sekali,mending apk sebelah si",negative
bagus,positive
TOP BGT......,positive
baik,positive
"sumpah jelek bgt masa sering bgt dibatalin sistem, jelekkkk jelek. tolong dong dibenerin, saya kapok belanja disini",negative
gagal trus top up,negative
mantappo,positive
mantap,positive
enak nd mantab rasa .....,positive
cepat👍,positive
Stuck di pilhan metode pembayaran. Tolong perbaiki bug nya,negative
"selagi voucher gak bisa di gabung, selama itu pula saya pakek shopee terus ,wkkkkk no ribet. tengok tuh sainganmu , shopee selalu ngasih kejutan. voucher jg bisa di pakek semua, gak kaya kamu, pelit suruh milih 1",negative
Alhamdulillah pertama beli dapat diskon dari tokopedia terimakasih rezeki ulangtahun anak ku,positive
Gk jelas apknya. Saya sdh beli tiba2 hilang semua pesananku..,negative
good apl..,positive
"sangat membantu,,ujung2nya beli di toped😆",positive
mntap,positive
Aplikasi ajg,negative
baik banget,positive
ok,positive
Mantaap,positive
mksih,positive
best,positive
sangat bagus,positive
😡jelek banget !!!!!!!!!!!!!!!!!!!!!!!!!!!!!!!!!!!!!!!!!!!!!!!!!!!!!!!!!!!!!!!!!!!!!!!!!!!!!!!bagus banget,positive
Bagus,positive
Udah setia banget pake aplikasi ini. Malah ada ketentuan baru yang sangat merugikan konsumen,negative
Sudah lama menggunakan aplikasi Tokopedia ini selalu mudah nyaman akan transaksi Namun makin kesini makin Sulit pesan barang pun sampe harus di komplain harap kembali kan lebih baik lagi bukan nya makin baik ksni nya,neutral
tolong segera di kirim yh free nya,positive
"Bagus, semoga lebih sukses kedepanya",positive
Ok,positive
Good,positive
promonya luar biasa,positive
"Aneh tidak bisa masuk terus ,jelek banget skrg",negative
i like it,positive
Kebanyakan barang yang di jual tidak pernah update,negative
Sekarang lama,neutral
mantab kak,positive
emang top tokopedia,positive
mantap Tokopedia 😍😍😍😁😁😁,positive
Mantap,positive
"Terbaik, mantap, bek,bek,bek,bek. cemas kau duit abis buat belanja full promo awoakwkk",positive
jelek,negative
keren,positive
Ok,positive
bagus semoga bermanfaat,positive
Saya sukai dari berbagai merek baru saja,positive
Pratingkati,positive
mantap,positive
mantap,positive
"Ini saya lebih ke arah bayar ongkir dari pada beli barang, barang harga 75rb aja ongkir nya 100rb, toko sebelah malah gratis padahal udah pakai promo ongkir. Gimana sih",negative
mudah dalam berbelanja,positive
aplikasi minta update terus. parah,negative
Tokopedia the best,positive
"retur barang, dan ongkir tidak bisa diklaim, chat cs lama, opsi masalah cuman muter2",positive
sejauh ini bagus,positive
Aplikasi kaya pinjol pake vertifikasi wajah kaya mw maling aja,negative
ok,positive
ok mantap,positive
Katanya gratis ongkir kiranya ongkirnya 50.000 Nyesel,negative
"kacau apk nya sekarang, lemot sering ngelag lagi cari produk scrol kebawah suka tiba2 balik ke produk atas lagi, sampe cape kesel sendiri mau scrol lagi ke bawahnya. kadang gak responsif udah terlalu gede kali ukuran apk nya. kacau pokoknya bikin kesel. banyak banget biaya ini itu nya kalo cek out barang. pokoknya semua ada biaya lah itu lah entah apa lah",negative
Saya Uninstall. Karena veripikasi lama gak jelas. Padahal sudah saya ikuti aturan semua yg ada. Tunggu masih dlm proses.itu jawaban. Yg saya dpt. sudah lebih dri 1X 24 jam,negative
siip,positive
akun cukup bagus..semoga jd seterus'a..agar bs menilai lebih baik..pertahankan👍👍,neutral
Makin kesini semakin buruk pelayanan,negative
tokped semakin sukses,positive
busuk kali.. suka seeanaknya main batalin sepihak dari sistem.. mending si kuning lagi....,negative
Banyak membantu,positive
tolong app di update untuk tambah/ganti sosmed akun affiliatnya...,neutral
keren,positive
Sangat bermanfaat,positive
mantap banyak diskon,positive
angel,negative
"Kurir JNE sangat mengecewakan dan aplikasi tokped dirasa melindungi performa kurir yg buruk target pesanan tgl 10 maret sd 16 maret ini barang belum sampai dan tidak ada opsi pengembalian dana... payah. Paling jawabannya disarankan ngadu sama ""tokopedia care"" wong ibarat kayak chat2 an sama bot alias robot yg jawabannya template.. next mau uninstall dan mencoba jd pelanggan market place lain aja bye...",negative
keren,positive
"Pembayarannya susah, kadang bisa bayar pake indomaret kdang gabisa, pdhl barangnya sama dan pake promo yg sama",negative
"nasibnya sekarang cmn buat bandingan saja 😁😆, ,",negative
Ok,positive
Apk jlk gblok,positive
"Knapa skrang""klau mau blnja tiba""batal sendiri?",negative
Gbsa claim voucher pdhl blm dpke,negative
"terimaksih sudah memberi wawasan, buat inspirasi semangat usaha saya",positive
bintang 5,positive
mantull,positive
Top,positive
Puas,positive
Kata nya Pemakaian diskon tidak boleh satu alamat.... Jadi mungkin kalau satu kampung alamat nya sama. Cm 1 orang d dari beratus2 pengguna Tokopedia d kampung yg bs menikmati diskon.,negative
"Tolong bandingkan Pengiriman GRATIS ONGKIR DI SHOPEE DAN TOKOPEDIA min, di Shopee pke gratis ongkir pun sampenya cepet banget. Beda dengan Tokopedia, Tokopedia pake layanan PLUS pun Gratis ongkir pake ekspedisi abal abal, beda dengan dulu ketika gratis ongkir tokped hanya kerjasama dengan sicepat, itu bagus. Bisa lumayan cepet. Tapi sekarang kerjasamanya dengan ekspedisi baru dan pilih yang paling murah. Alhasil sampenya sangat lamban. Saya pake 2 aplikasi shopee (seabank) dan tokopedia (gopay)",negative
mantap,positive
sangat nyaman berbelanja di sini,positive
"Jangan dikit2 update dong hp ku kan bukan Spec Bidadari tapi spec badarawuhi ya berat,dan satu lagi jng pakai Expedisi Sikomo dong udah pelan,paketku dibobol pula untung Pc Ganteng ngga ilang..Kalau bukan krn BTS yakin aku ngga pakai Tokped",negative
mantapp,positive
Skrg tokped dah bnyak biaya ini itu klo transaksi. Blnja minim 50rbu baru grts ongkir,negative
Manthab,positive
"Respon penjual kurang ,bls chat lama ,dh GT brng blom smpe'' d tngn d stts sudah terkirim bagaimana ini , respon chat ga d respon",negative
Loh mau co kok ada biaya pelayannannya serebu. Kalau 10x co mayan itu. Dah sekarang skip belanja ditoped. Ganti ke orange. Lebih gk ribet. Belanja 10k juga dah free ongkir sekabupaten. Sangat tdk memuaskan belanja disini.,negative
Kenapa selalu terjadi error di pemilihan pembayaran?,negative
Tokopedia memang mantap,positive
"Pelayanan nya buruk, komplain yang balas bot",negative
"sangat menbantu , terima kasih",positive
Pemesanan barang gak di kirim.. gak ada kebijakan apapun setelah tranfer pembayaran lunas tapi proses di batalkan.. sebagai pembeli saya sangat kecewa,negative
Apk yg sangat bagus dan sangat mmbantu babget,positive
Voucher cashback gak bisa di pakai bersa.aan free ongkir,negative
saya suka,positive
"CINTA BANGETT SAMA TOKPED PLISSSS, AKU CO SELALU DAPET PROMOOOO, OMAYGATTT LOP UUU....bayangin 3x co skincare jadi 2000 doang cuyy co di tokped❤️❤️❤️",positive
terpecaya,positive
mantappppppppppppppp,positive
Kebanyakan iklan,negative
Perbaiki agar aplikasi makin ringan. Perbaiki saat melakukan pembayaran sering sekali gagal.,neutral
Mantap,positive
lumayan banyak produk yg baguss,positive
top cer,positive
Tolong pihak Tokopedia lebih tegas untuk pihak ekpedisi pengiriman JNE yes.... Karna bisa 5 hari baru nyapai padahal kalo JNE yes kan esok harinya sudah nyampai Bates jam 12 malam.dan tidak ada pergantian ongkos kirim padahal janjinya kalo dalam esok hari gak nyampai ongkir balik..... Padahal dirumah ada orang 24 jam tapi pihak JNE yes bilang kalo rumah sedang kosong..... Biar gak balikin ongkos kirim. Ini manipulasi..... Tolong lebih tegas.... Kita bayar ongkir JNE yes nektday kok rasa reguler,positive
transaksi lebih praktis,positive
Saya ingin betanya buat yg sudah berpengalaman Apakah tokopedia bisa belanja cod?,neutral
mantap,positive
bagus dan terpercaya,positive
"Untuk koin gopay nya pelit banget.dulu pas ovo 1 koin tu 10 rupiah.smnjak di pindah gopay ,,,cma 1 koin =1 rupiah. Mnding gak usah krja sama ama gopay... Bisa gak paylater tokopedia diaktifkan kembali.pelit amat sih tokopedia ama mitra nya pdhal dh pk lama tokopedia. Paylater pun di kick nya. Beda ama akulaku justru malah semakin bertambah limit belanjanya...bisa kredit lagi",negative
Sekarang promo nya dikit,neutral
Saya tidak suka yg banyak iklan sangat menggangu.. Jangan tampil kan lagi..dan juga saya beli barang COD ga ada makanya malas belanjanya,negative
Makasih Tokopedia,positive
Sukses selalu,positive
"Main cancel aja, lu",negative
Ayo siapa disini yg download tokped gara gara iklan war Tokopedia kobokanaeru,positive
"Apk sampah, sya CO, keesokannya dibatalin sama pihak tokped nya , diskon hangus gk kembali lagi padhal pengguna baru, padahal sudh memenuhi syrat ketentuannya",negative
Bagus,positive
Mudah2an d acc ya😁,positive
penggabungan akun malah ga bisa upload produk dan jualan dampaknya kerugian...,negative
mantap,positive
"Harusnya di tokopedia jangan cuma kasih rating buat penjualnya aja donk, rating buat jasa pengirimannya/ekpedisi juga ada.. saya sering pake jasa ekpedisi untuk barang2 rentan pake yg sehari sampai tapi ujung2nya nyampenya lebih sehari juga.. kacau neh.. rugi konsumen.",negative
Kok sekarang belanja di Tokopedia kena biaya jasa aplikasi Rp.1.000? Sejak kapan ya? Kenapa tidak ada pemberitahuan samasekali? Kalau begini saya sebagai pelanggan bisa pindah aplikasi.,negative
ok,positive
"Tokopedia menahan dana daya, padahal barang/paket tidak pernah sy terima & lihat sementara penjual sudah menerima & konfirmasi terkait barang yg diretur oleh pihak kurir anteraja",negative
1 bintang dlu masih dlm prcobaan,negative
semoga amanah,positive
bagus vanget,positive
"respon cepat,mokasih ye..",positive
Best best,positive
Pembayaran saya di batalkan oleh sistem pdahal gak ada yang salah,negative
"Nyatanya tokopedia tdk 0 ongkir. ada biaya transaksi Rp.1000,-. ditambah Rp.2000,- (sicepat). Untuk kurir anter aja tdk ada tambahan ongkir tapi tetap bayar Rp.1000,-(biaya transaksi) tapi lemotnya minta ampun. seperti masuk ""trap"" fitur bayarnya ada diakhir cek out. Biar tdk ada dusta sebaiknya fair saja.",negative
Ga familiar tll byk prosedur.,positive
"Kecewa,,",negative
good,positive
Baik dan amanah,neutral
Pembayaran pakai Gopay lebih cepat dan aman.,positive
Aplikasi yang membantu.,positive
Gopaylater malah hilang lol gaje,negative
Baguss bgtt,positive
Ok Faster Good,positive
josss pokoke,positive
"Kasih bintang tiga aja soalnya pengiriman di aplikasi ini sangat lambat dan tidak sesuai dengan update pengiriman, dan pihak expedisi nya juga gak gercep kadang paket sering ke sasar dan di bawa lagi ke tempat asalnya, tolong di tingkat kan lagi biar lebih enk belanja di Tokopedia",neutral
"Tolol anying di kasih kupon promo pas di pakai di checkout uang udah di transfer malah refund ,, katanya melebihi kapasitas promo , buat apa di kasih promo blog,, pengiriman next day tapi udah 2 hari belum nyampe kocak",negative
sangat membantu 👍,positive
Kamunyan,positive
godd jobb,positive
jos,neutral
Sangat membantu,positive
oke Gasss,positive
cepat..murah dan berkualitas serta terpercaya,positive
mantap,positive
"Cari apa keluar apa Fee makin gede, makin ngaco",negative
sepertinya untuk masalah ongkirnya ajah di atasi. jangan kemahalan juga. selama pengalaman belanja di Tokopedia bagus banget.,positive
makin sini pengiriman nya super lama sangat beda sama tetangga sebelah ampuuunnn selebih nya sih bagus tolong di perbaiki,positive
"Sering ngebug, reload gagal, ga ada diskonan",negative
ok mantap,neutral
"sangat mengecewakan sekali pelayanan tokped ini, saya kira lebih bagus dari yg lain, mereka membuat estimasi barang sampai dalam2 hari tapi sampai hari yang ditentukan saja barang belum dikirim masih di gudang, setelah tokped telp saya nanya kapan akan dikirim saja masih belum tahu kapan barang akan dikirim. parah banget sih ini, disuruh nanti komplain saja kalau sudah melewati waktu estimasi, percuma komplain tapi tidak ada tindakan juga ditanya kapan akan dikirim ga tau juga kapan hadeuh",negative
mantap,positive
"Buruk,nyesel pake tokped.. kalian yg belum jgn pake apk ini.... sy pengguna baru voucher ga bisa di gunakan. Baru 1 kali transaksi TF Rp 5200 tiba2 di batalkan sistem,uang tidak kembali k rekening malah masuk saldo refund tokped ga bisa di gunakan dn di tarik. Jumlahnya ga seberapa tp coba di kalikan dgn ratusan org/korban lain nya. Apakah seperti ini tokped nyri duit.?",negative
good recommended,positive
Sangat tidak membantu disaat kepepet....,negative
"Ok banget, pengiriman cepat dan barangnya bagus",positive
Wah kenapa kamuuuu? Kok sekarang bebas ongkir dan voucher harus pilih salah satu? Hmm mengecewakan... padahal saya sudah setia sampai Platinum. Bakalan turun rank saya,negative
aplikasi bagus. banyak promo menarik nih,positive
Payah... Play later y tidak dapat di gunakan padahal g da tagihan...enakan si orayene...,negative
Mantappppp,positive
oke,negative
ok,positive
Mudah simple bagus,positive
nice,positive
noice,positive
Solusi belanja tepat,positive
Iklannya ganggu banget anjrlaa,negative
mantap,positive
"disuruh update, pas udah update malah jadi makin berakkkk",negative
tokepedia emng juaraaaaa,positive
memuaskan,positive
mantap,positive
hati2 jika ada yg mengatasnamakan tokopedia,negative
Jasa kirim sapx tolong dihapus aja LEMOTT BANGETTT!!!!! paket sudah 2minggu ngga dianter!!!,negative
Soksokan ngasih voucher padahal zonx ...jgn install kalo gk mau nyesel...d bela2in ujan2 buat bayar pesanan eh malah d batalin sepihak...trus kemana tuh duit yg gw tf,negative
"Aplikasi belanja ga jelas, kurir ga jelas, masalah refund dipersulit. Entah GTL itu ekpedisi mana pesanan org seenak jidatnya diretur tanpa sebab, minta refund lama bgt proses nya GA JELAS! Uang refund dipotong ga sesuai nominal belanja, tolong diperbaiki cs nya biar kalau org lain ada masalah langsung segera diselesaikan",negative
Pesenan pertma karna baru download tokopedia Psen uda bayar tau2 di batalkan oleh sistem yg katanya tidak sesuai sma s&k Aneh sih baru pertma kali ngalamin belnja online kaya gini Tlong di perbaiki kalo emg yg promo untuk pengguna baru merugikan mending d ilangi aja Dripda php,neutral
Tap,positive
Begoo kurirnya apa gaada sop suruh nelpon gitu kalo buyyernya keluar kota,negative
Suka dan bermanfaat,positive
terimakasih toko pedia mantap 👍,positive
Aplikasi gajelas masa gw chat ayang gw ga dibales,positive
terbaik,positive
Sangat menggangu iklannya!! Jelekkkk,negative
Komplain ongkos kirim terlalu berbelit-belit tidak otomatis masuk,neutral
TRIms toko pedia semoga jaya,positive
Amanah dan responnya cepat...,positive
sangat bagus,positive
saya puas,positive
Promo gua ilang gara gara dibatalan sepihak wehh,negative
"Aku dapet promo 80 persen, tapi pas saya gunain bisatuh, tapi pas saya beli, pas udah di pesan tiba tiba di batalin , tulisan nya toko pedia yang batalin otomatis,pas saya mau pesen lagi GK bisa, tokped tokped kalok GK niat ngasih diskon GK ngasih diskon lol",negative
banyak diskonn,positive
"Ni gimna sih aplikasinya,saya mau pesen barang katanya bisa cod pas saya masukin keranjang terus pilih kurir yang tersedia bayar ditempat,pas mau pilih pembayaran tidak ada opsi melalui kurir ni bagaimana sih bingungin katanya tersedia cod tapi pas pilih pembayaran tidak ada opsi bayar ditempat",negative
Toped hanya jualan cangcimen.hampir separo nya toko kena pelanggaran.udah males kayanya nih bkanja disini.,negative
lancar bagus sekali,positive
"Di toped ini kan pembeli berhadapan dengan penjual, kurir & marketplace. Ke 3 nya adalah penyedia jasa bagi pembeli. Tapi herannya yg bisa dirating hanya pembeli. Kurir & marketplace-nya gak bisa. Sehingga ketika pembeli gak puas dgn kurir & marketplace-nya, numpahin kekecewaannya lewat ratingan pembeli. Jaka sembung bawa golok jadinya...",negative
sangat bermanfaat utk aku yg lagi butuh promoan,positive
Makasih pelayanannya saat pengiriman cepat. Barangnya pas sesuai yg sy butuhkan.,positive
balikin tuh uang pelanggan beli hp datangnya batu,negative
mantapppppp,positive
mantap,positive
toko yang baik,positive
bagus,positive
efektif efisien,positive
mudah dan lebih hemat loveeeee,positive
"Maaf saya sangat kecewa dengan tokopedia karena telah mendukung toko online fiktif yang menjual barang palsu / fiktif. Setelah 5 tahunan saya percaya aman belanja disini karena satu kesalahan Tokopedia seperti lazada yg membela toko penipu, maaf bagi saya jujur itu mahal dan saya sudah uninstal tokopedia",negative
"Klo ga niat ngasi promo mending ilangin ajaa, percuma ada promo trus pas bayar dibatalin/refund",negative
Pembayaran mudah,positive
Voucher diskon saya langsung Angus saat saya beli voucher game tapi malah kerefund secara otomatis. Saya sangat kecewa sama aplikasi ini. Plis balikkin voucher yang saya punya,negative
another good shoping apps👍,positive
aplikasi berat,neutral
mantap belanja ditokopedia,positive
perbanyak diskonnya,positive
hanya 1 perak bisa beli pulsa simpati dimana lagi kalo buka tokopedia yang bisa,positive
i love you🎀💓💓💓🎀 toko pedia,positive
murah. pesanan cepat proses. banyak voucher nya,positive
mantap,positive
Maen Blokir aja,negative
luar biasa trimakasih promo nya,positive
mantap dan keren,positive
"Hapus tuh ekpedisi anteraja ga jelas, barang sudah 5 hari belum sampai juga. Telpon ke CS nya hanya ngasih janji yg ga pasti malah planga plongo. Sorry saya belanja pindah e commerce sebelah aja.",negative
Semoga tahun ini bisa upgrade menjadi member diamond . . . . Amiiiin,positive
puass,positive
mahal di ongkir,neutral
"Aplikasi sudah oke, tapi sy kecewa pesanan sy dari jam. 11.57 pakai instant estimasi jam 17.00 sampai, tapi sampai jam 22.00 belum ada penjemputan dari layanan instant",positive
tokped nggak bangetttt sumpah!! Dy batalin pengiriman waktu udh dibayar dan uangny nggak kembali utuh!!!,negative
hilangkan biaya penanganan & biaya layanan bikin pembeli males beli di tokopedia. Kebanyakan biaya yg ditanggung pembeli,negative
"Kenapa gopay pinjam slalu tunggu sebentar, biar tokped bereskan.. Coba lagi terus? Udah mau 2bln gitu terus . Padahal jaringan bagus ko",neutral
lumayan lahh,positive
"bener² tidak memuaskan dari sistem komplainnya, sistem voucher cuman gimick semataa, di tambah dengan menggunakan voucher diskon otomatis pesanan d batalkan",negative
Tokped luarbiasa komplen brang pesanan tidak sampai jawaban y nunggu 4 hari woww sesulit itukah menycari jawabannya luar biasa,negative
❤❤,positive
😀👍👍👍,positive
Langsung auto pake toko pedia promo lebih menarik dari kompetitor,positive
Cukup membantu karna sering gada waktu buat cari barang sendiri.. Tinggal cari di tokped langsung kirim 👍,positive
mantab,positive
"Gajelas beli barang selalu berujung dibatalkan, refund mulu sampe eneg",negative
Sekarang saya lebih milih kesini daripada ke si Orange atau si Ungu . Banyak promo.a disini,positive
"percuma juga ada tokopedia care, ngga bisa nolongin pembeli yang ketipu dengan penjual nya.",negative
"aplikasinya bagus, cuman masih perlu dintinggkatkan lagi",positive
sangat mudah dan enak di gunakan,positive
keren pokoknya,positive
Pasti harganya murah murah di tokopedia,positive
"Kalau untuk pencarian barang seperti liquid dan r***k sih banyak rekomendasinya tapi saya sudah beberapa kali mencoba chek out ditolak sistem terus,hadehhhhh gimana sih???sering chek out olshop sebelah lebih pasti",negative
Paling kecewa ama mitra dagang Tokp3d yang jelas2 barang kurang tapi penyelesaian cuman refund sebagian dana saja,negative
trima kasih tokped,positive
Jelek ga bisa klaim promo,negative
aplikasi bagus ini i like,positive
gak bisa di pake,neutral
"Parah, pengembalian dana gua lama banget, belum juga masuk ke rekening, apanya yang 24 jam,ini udah 3 hari gk masuk2",negative
"Mending Layanan DiJemput Tokopedia Atau Pick Up DiTempat DiHapus, Percuma Ga Bisa, Kurir Jemputnya Ngasal Ujung2nya Batal",negative
bagusssss,positive
COD NYA susah.ditoko ada cod setelah mau buat pesanan ngak ada cod nya,neutral
gimna sih kenapa gk ada difitur codnya tolong diperbaiki!!!,neutral
Okeh,positive
Mantap,positive
ok Bgt tidak mempersulit Untuk belNja keluar rmh lagi,positive
good lah,positive
knp kok sering terjadi saat aku Download,negative
mudah belanjanya dan banyak bonusnya,positive
"Token TDK valid kocakkk ,trus kudu gmn? Jelekk",negative
Mantaaap suksessss,positive
Buruk,negative
"ok banget,, lnjutkn",positive
baru pertama kali coba belanja online ditokopedia dengan pembayaran lewat gopay.. ternyata sangat mudah diterapkan..,positive
Terimakasih banyak atas kelas yang di berikan. Semoga ilmu yang di dapatkan bermanfaat. Terimakasih banyak,positive
"sebagai penjual/pedagang ..sangat di rugikan dgan potongan trllu bnyak..cntoh power merxhar,merchan pro..parahhh",negative
Sangat memuaskan,positive
kebanyakan iklan,negative
Sering kasih promo gak niat,negative
tambah lagi promonya,positive
"perasaan tiap co barang yg promo selalu dibatalkan sistem, jadi bete sendiri. kesannya kek php",negative
"kekurangan Tokped adlh tidak bisa memilih jasa pengiriman yang lain selain anter aja dan sicepat,tidak seperti aplikasi oren.Dan juga untuk jasa pengiriman nya,ya ampun deh,benar benar ampun, terutama untuk sicepat,brang sdah dikota selama 3hari,tapi tdak diantar antar,masak iya harus dijmput,kalo Msalah over ,saya rasa untuk jasa pengiriman JNT lbih over lagi,tapi mereka bisa menyesuaikan estimasi pengiriman nya,psan dihari yg sama menggnkan JNT bahkan itu sdah sampe,jd mkir mau blanja disini!!",neutral
Penarikan dana di persulit,negative
Terima kasih,positive
Iklan banyak banget,negative
"Tolong transaksi di bawah 2020 di perlihatkan. Karna mau claim garansi, kebijakan nya tolong di ubah",negative
Gak bisa pinjam kaya shopee dan lazada ko gak bisa di buka ajukan balik ke aplikasi toke nya,negative
mantep,positive
Mantap,positive
okkkkkkk,positive
semoga update di waktu mendatang lbh cepat memyesuaikan,positive
"Mohon tambahan fitur ""LIHAT BUKTI PENGIRIMAN"" pada status pemesanan ya. Menurut Saya fitur itu penting sekali, untuk melihat siapa yang menerima paket dan sebagai bukti. Karena sudah 2 kali jasa pengirimannya salah kirim. Terima kasih",positive
aplikasi terbaik dah udah pake dari 2017 dan pembayaran nya mudah tidak ribed,positive
toko terbaik buruan download aplikasi ini,positive
cepat,neutral
"KAPOK banget belanja di sini. Harusnya ada rate ⭐️0 ya. Tidak ada ""pusat bantuan"" di aplikasi ini. Hanya ada customer care yg dijalankan oleh robot melalui menu ""TANYA"" dan itu sama sekali tidak membantu permasalahan yg ada. Dan kalau mengajukan komplain,langsung diarahkan ke penjual dong! Pdhal yg bermasalah adalah kurir dn app tokped ini ga bantu apa2. Paket saya entah di mana sekarang, sudah melebihi estimasi penerimaan dan di menu ""Lacak"" tidak ada update dri kurir ID Express. 👎👎👎",negative
Karena jelek dan dapat merusak duit Pembuat tidak cocok untuk saya dan harga mahal banget Loh,negative
Penangan komplen tidak jelas dan mengecewakan,negative
akun baru Dapat pembelian RP. 0. terima kasih tokopedia 😘,positive
"Toped. Kembalikan menu filter 5KM 20KM Itu udah bagus kemarin, skrg malah hilang. Kan jadi bisa cepat cari barang terdekat dari lokasi tujuan pengiriman, kalau menu nya kembali, nanti saya ubah ⭐5",negative
"Knp si diskon beberapa kali selalu transaksi gagal mulu dah,, baru berhasil trus dikembalikan lagi,, sementara bintang 3 dulu",neutral
mantap,positive
gercep bangat,positive
ok,positive
Semoga amanah,neutral
"Setiap transaksi biaya aplikasi 3000 biaya jasa 1000, auto pindah sgala pembayaran digital ke brand lain. Wkakakak",neutral
Bagus,positive
Maaf min saya kasih bintang dua karena sebagai orang awam kepingin nya pembayaran COD sedang kan di tokopedia ini kebanyakan pembayaran tranfer,negative
oke,positive
Oke,positive
"Sedikit kurang memuaskan terkait pengiriman, Setiap saya pesan lewat Tokopedia pesanan saya selalu malam datangnya padahal saya pakai alamat dan nama tempat kerja saya, giliran saya sudah pulang kerja di telpon kurir mau anter paket, tolong dong kepada Tokopedia sediakan pilihan jam kirim operasional kantor gitu, terimakasih.",neutral
trimakasih tokped.. pelayanan sangat bagus,positive
tidak susah dan lancar,positive
"mantap cepet gercep anti bug dan lancar, emm relevansi pencarian ditambahin lagi ya min",positive
Tiktok shop kerja sama Ama toped pake j&t.. apus ajak j&t dari kerjasama 2kali pesen paket lewat tiktok pake j&t g pernah jelas .. yg 1 hilang yang 1 status nya gak jelas,negative
"cuma gak bisa kasih ulasan klo abis belanja, kenapa ya",positive
"Aplikasi Toko pedia memang Joos.. transaksi berulang kali diskonnya tetap banyak dan real... coba kalau ada pinjaman tunai nya, pasti lebih oke lagi deh",positive
Perlu ada aplikasi Tokopedia Lite,positive
Iklan iklan,negative
ok,positive
makin oke dechh....,positive
"tiap dapet potongan harga, lalu udh selesai pembayaran dan tinggal nunggu barang... selalu d batalkan system dan gada notif kalo d batalin... kalo ga niat kasih potongan harga mending jangan d adain...",negative
"Niat ngasih diskon ga si ke pengguna baru? Udah 2 kali tranksksi loh digagalkan sistem terus, kan syg uangnya udah di top up in",negative
tokopedia joss,positive
"Mau belanja aja susah bgt , ga bisa dpt voucher gratis ongkir . Karna daftar akun sendiri , biasanya pake akun orang lain . Tapi log in di hp ku , padahal jelas2 no hp yg didaftarin beda. Ditautkan ke gojek aja , akunnya juga beda",negative
good,positive
mantap,positive
tokopedia baguuus,positive
"Kurang memuaskan hari ini saya belanja melaluo COD bukan masalah berapa uangnya, padahal di awal sudah jelas COD tertera Total 73.100 tapi pas bayar barang sampai jadi 75.100 , saya tanya kurirnya pas dicek diaplikasi dia bener jadi 75.100 kalau mau nyantumin biaya aplikasi kenapa nggak dari awal saja biar konsumen lebih jelas informasinya untuk nyiapin uangnya , dan mohon untuk konsumen lebih jeli lagi dalam belanja di tokopedia ini.. #BadApp 👎",negative
Sangat Membantu aktivitas kita,positive
mantapss,positive
Belum punya pengalaman yg cukup,positive
diskonya mantul🙏🥰,positive
Oke 👍,positive
memuaskan,positive
mantap,positive
Gak ramah buat android . Dpt potongan promo produk eh pas di payment otomatis refund saldo . KOCAK . Udah gitu biaya refund nya bayar lagi 2rb . Kocak kocak . Kalo gak sesuai S&k kenapa bisa dipaymen kocak harusnya pas cek out langsung di peringatkan KOCAK APLIKASI KOCAK,negative
"Sekarang gak bisa COD semua toko uda di coba , percuma ada tulisan COD !",negative
aplikasi belanja terburuk untuk pengiriman nya.. belanja disini seperti belanja diluar negeri.dari jakarta ke Jateng 2 Minggu.. kurir nya mesti dilempar dari id express ke JNE.masih enakan dulu pake sicepat.,negative
Sangat kecewa sekarang sudah hampir sebulan belanja di tokped kena biaya jasa aplikasi 1 k. Sangat tidak setuju dengan di tmbahkannya biaya tersebut. Mohon di ubah ke semula agar tidak ada jasa aplikasi. Terima kasih tokped,negative
cepat dan mudah,positive
top,positive
Murah meriah,positive
senang bgt...pengguna pertama dpt gratisan,positive
"Pelayanan toko pedia sungguh memuaskan, pertahankan!!",positive
"beli liquid dan keperluan vape sekarang sudah tidak.auto uninstal aja lah.lo pikir orang² datang ke aplikasi lo mau ngapain.? kebanyakan orang datang ke aplikasi lo karna mau beli barang yg susah di cari di toko lain,bukan karna promo atau diskon.ehh malah ikut²an blokir barang bernikotin.jujur aja kalo soal promo atau diskon,si oren lebih baik ketimbang lo.",negative
"Percuma kasih vcher cashback tapi ongkir nya bayar, mana toped yg dulu ? Semenjak gabung gojek makin parah",negative
"Cuih, butuh barang cepet 2x transaksi dibatalkan karena ada kecurigaan manipulasi.. giliran refund uang prosesnya lama. Kapooooooook belanja di Tokopedia, sangat merugikan cuih cuih cuih",negative
"Aman, dan terpercaya banget memang gak nyesel download Tokopedia murah juga gak kayak aplikasi sebelah",positive
bisa membantu,positive
"belanja disini tokonya bnyak g profesional... Sayang banget g bs kasing rating toko, ketika pembeli sdh transfer berharap barang dikirim tau tau ngecek trx dibatalkan secara sepihak oleh seller. TOKPed harusnya perhatikan itu, saya sangat KECEWA, beda dgn toko sebelah klo pembeli bs kasih rate jika ada toko nakal. sekalipun itu brand besar",negative
bagus,positive
Oke bagus app nya,positive
Tokopedia the best banget pokonya,positive
Good,positive
aplikasi cpat dan lancar .dan selaluamanah penjualannya,positive
"Dapet ekspedisi JNE terus kaga bisa memilih kurir, JNE bersmasalah mulu tolong dihapus JNE untuk ekspedisinya",negative
Sangat membantu,positive
thanks you,positive
Bagus banget recommended,positive
"sistem bego belanja barang pake kode promo tp s kode vocher nya gak bisa d gunakan pedahal waktu nya masih panjang,permainan yg punya aplikasi",negative
Bagus,positive
"pelayanan cukup bagus,belanja jadi praktis",positive
Aplikasi Terlalu rumit pengembalian dana solusi tidak benar mengarah kepenipuan diTokopedia dan tidak ada solusinya selalu di jawab dengan sistem wajib di delete,negative
Bintang 5 karena ada Kobo 😁,positive
Hapuskan expedisi sicepat...lelet banget dari jakarta kebandung 8hari.,negative
"Setiap pengguna baru bakal dapet promo Rp0, sesudah saya CO, sampai sekarang barangnya belum saya terima padahal diketerangan sudah diterima, dan saya ajukan komplain, sampai sekarang belum ada kejelasan dan kelanjutan, sekalipun promo Rp0 saya sudah bayar ongkir",negative
berat bet,neutral
👌,positive
terimakasih tokopedia 😄😄👍👍👍👍👍,positive
good 🙏🙏🙏,positive
"Sekarang saya jarang belanja di tokped karena sudah tidak ada gratis ongkir,opsi biaya nya mahal2,setelah sekian lama berlangganan sampe jadi platinum,mungkin tokped jd pilihan terakhir,skrg saya sering belanja di shopee krn ongkirnya ringan,bye tokped",negative
mantull..👍👍,positive
"Tokopedia makin gajelas,Gopay coin cuma jadi pajangan,ga bisa dipake belanja atau beli pulsa.",neutral
Amat sangat buruk pelayanan kurir nya.. dn tidak sangat membantu kerjasama nya.. barang yg saya order tidak sampai sdh jauh melebihi estemasi.. lewat (5hr) hanya di kasih chat dg robot yg benar2 tidak manfaat..,negative
Kenapa Tokopedia bekerja sama dengan anteraja yang pengiriman nya sangat lama masak dari Surabaya ke Bangkalan sampai berhari hari seperti inisudah beberapa kali seperti ini sangat lama expedisi anteraja,negative
"Udah mantap lah segini mah, dari pada elu ga bisa bikin",positive
hebat ... belanja dapat diskon.. mksh pengin terus n terus belanja dilazada,positive
mudah prosesnya,positive
Ok,positive
cepat dan jelas rincian nya,positive
lancar jaya,positive
memuaskan,positive
banyak promo,positive
Beli barang ko di batalin sepihak. Yaoposeh,negative
saya lebih enak d toko pedia dari pada lazada.shopee.buka lapak.dll.pengiriman banyak pilihan.,positive
"Jelek banget sistemnya, tertulis di tokped tidak akan bertanggung jawab atas kehilangan paket, parah..",negative
Sangat saya rekomendasikan untuk belanja apa saja di Tokopedia,positive
Blanja di toped menyenangkan ada banyak promo dan voucher sering dapat gratis ongkir juga.. Makasih toped,positive
cepat dan amanah...,positive
Nuhun,positive
"Kalo tidak niat ngasi kupon/vorcer mending di hapus aja, setiap make dibatalkan sistem kalo tidak make vorcer bisa kan tidak etis sumpah bikin kesal aja, mau bangkrut kah ini tokoped semenjak gabung goto",negative
mantep,positive
Mantap diskon pengguna baru,positive
sangat puas,positive
Mantap,positive
mending di shopee ajah gratis kalok anafa punya uanag😂,negative
"Tidak ada fitur batalkan pesanan komplain karena status diproses mulu pick up barang jasa kirim Sicepat tidak ada tanda mau mengambil paket yang akan diretur ke penjual sungguh mengecewakan, tanya TokopediaCare jawabanya selalu masalah terkait Resolusi mulu tidak membantu sama sekali",negative
mantap sayang,positive
"Bagus sih, saran aja cantumkan profil kurir yg mengantar paket beserta nomor wa nya dan fotonya, jadi bisa konfirmasi jam berapa paket akan kita terima.",positive
Terimakasih,positive
Mnatul,positive
memuaskan,positive
"Pihak penjual Polo tdk ada respon brang gk jls dmn keberadaany sdh lewat batas estimasi , minta bantuan pihak tokped malah ngasih solusi seenak udel dewek. Mana pihak penjual POLO tdk ada respon!!!!!!!!!!!!!! Shoppee the best!!!!!!",negative
Sangat membantu 👍👍,positive
mantap,positive
top deh,positive
sangat bagus,positive
ok banget ..,positive
Saya sangat merekomendasikan aplikasi ini,positive
oke,positive
tokopedia kntl,negative
good,positive
Nyoba dulu,positive
"""oopss akun anda tidak sesuai s&k promo""",negative
harga terjangkau,positive
K*NTOLLL,positive
"bagus aplikasinya, tingkatkan terus performanya agar pengguna tidak kecewa.",positive
Khuh,positive
mohon di segerekam sertifikat prakerja,positive
ok lumayan dapat free,positive
saya suka dengan aplikasi ini dapat kan uang sebanyak²,positive
"Dear tokopedia ,saya cari rokok keluarnya gelang,cari rokok lg keluarnya alat sex,kenapa......ini toko apa",negative
"app gak jelas... ngadain casback gede""an tapi gak mampu bayar... alesan sistem ini lah itu lah... kalo bisa rating 0 atau minus.. w kasih dah",negative
"sumpah Tokopedia, gua padahal suka sama promo lu yang gede gedean. tapi makin kesini kenapa dibuat seolah olah semua voucher promo itu hanya pajangan dan ""bohongan"" ya?? gua jadi gabisa beli pulsa karena dapet pelanggaran yang katanya akun gua ada kesamaan identitas sama pake voucher nya lebih dari satu, padahal gua ga ngerasa melakukan hal itu. mana dm gua di ig belum dibales lagi, nanya di TANYA juga ga dikasih kejelasan yang jelas. bye deh Tokopedia",negative
"jarang pakai apk ini krn ongkir keluar pulau mahal,skrg enak pakai shopii",negative
Sangat membantu cari barang yg di toko off line tdk tersedia..tapi kenapa sekarang pemby debit sering gagal dan dana selalu terpotong.. gangguan nya apa karena perbaikan server??,positive
sangat membantu untuk mencari barang kebutuhan yang praktis dan efisien,positive
good,positive
"TAMBAHAN VIDEO PENDEK YANG GAK BERGUNA, tolong tambahkan opsi untuk menonaktifkan fitur video pendek. Lama lama kayak toktok semua hadeh",negative
"Kurir SAPX kok marah2 bilang alamat ga jelas, coba di cek histori belanja saya. Mana lama banget nyampenya, dia yg gatau alamat, konsumen dimarahi. Gojek, jnt, jne, grab, shopee, tiki, ninja, blibli, nyampe depan rumah ga pake ngomong hp aktifin. Gila kali.",negative
Sy isi e-toll saldo kepotong tapi ga nyampe,negative
bagus,positive
👍🏻👍🏻👍🏻👍🏻keren nih toped,positive
👎,negative
Sangat baik,positive
"Banyak promo Ok, tapi kami mau tarik coins tidak bisa nilainya lumayan sih, karena no pin nya lupa",neutral
Semoga awet dan semoga sampai secepat mungkin kakak,positive
terima kasih tokopedia,positive
Ok,positive
mantaaaaappppp...banyak cashback cuan teruuuussss..,positive
Ok,positive
ok,positive
mantap,positive
"Sekarang tokped kayak lazada, makin ga jelas, pesan sameday eh dikirim nya pake kurir gajelas, harapan orang tuh sameday atau instan itu pakai gosend atau grab express, saat nya beralih ke shopee ajah kalau gini",negative
siip fast respon,positive
Top dah,positive
Gue kasih bintang 1 karena sekarang sudah tidak bisa melakukan pembayaran dengan kredivo semenjak kerja sama dengan tiktok malah makin ribet mau transaksi 👎 mending pake shoope/ lazada,negative
TOLONG JASA KIRIM JNE LEBIH DI PERBAIKI KALAU BISA GANTI JANGAN JNE.LAMBAT MEREKA TIDAK TEPAT WAKTU ATAU SEBELUM WAKTU PAKET YG SUDAH DI TENTUKAN,negative
kebanyakan penipu penjualnya mohon d koreksi dr pihak tokopedia jngan asal ad orng jualan d konfir,negative
mantap,positive
sangat memuaskan,positive
selalu cepat tanggap respon nya,positive
Aplikasi tolol .. download aja padahal sinyal full kouta ada..beda sama oren sat set,negative
Tlg dihapus aplikasi,positive
Luar biasa,positive
bagus babget,positive
Kadang enak kadang susah,neutral
good tokopedia,positive
Cod nya,positive
oke bgt,positive
Ofer.ol aku suka banget,neutral
Bgus...dri pda (sho***...grtis ongkirnya bohongan),positive
bagusss bangt🥰,positive
"Baru pertama kali belanja di Tokopedia, eh udah dapet seller yg gak bener, barang rusak dikirim...tau deh bisa pake apk ini terus apa gak...",neutral
ok,positive
Mantap,positive
keren belanja d tokopedia,positive
Mantap luar biasa,positive
👍,positive
Bagus kok nga ada kendala Cocok buat saya yang suka koleksi kartu Pokemon,positive
"Tokopedia care ga guna, di chat ga dibales sama sekali nunggu setengah hari di liat doang",negative
Maksudnya apa sih kok dibatalkan sistem,negative
Sudah kesekian kali kalau belanja dari jakarta sampai di jogja seminggu bahkan lebih.....,negative
"Sekarang payah, susah sekali gratis ongkir",positive
Terlalu banyak biaya admin,negative
Lumayan,positive
semoga amanah,positive
"Pakai voucher pengguna baru tiba"" dibatalkan otomatis dari sistem",negative
👍,positive
"Pembayaran bpjs sudah masuk kenapa gak terbayar sudah nunggu tgl 3-8 blm masuk ke bpjstku l, chat admin suruh nunggu blm ada tanggapan,maunya apa......😠😠😠😠😠😠😠😠😠😠😠😠😠",negative
good,positive
Di aplikasi saya tidak ada tukar coin nya kenapa ya,positive
terbaik,positive
best online shop ever!,positive
luar biasa. aman,positive
"Tokped berasa disuntik mati, fitur Dilayani Tokopedia udah engga ada, halaman promo semua dihilangkan, keliatan ini mau dijadikan seperti TutupLapak.",negative
good,positive
sangat mudah cara pembayaran lewat Tokopedia makasih 🥰🥰🥰,positive
"Kembalikan bebas ongkir tanpa ribet ... Coba pada cek toped hr ini kwn kwn Knp bebas ongkir d keranjang yg toko ny mmg bebas ongkir malah ada tulisan pada kolom atas keranjang ""pesanan d keranjang belanjamu berpotensi bebas ongkir"" padahal sblmny bebas ongkir yh mmg toko berlabel bebas omgkir tidak ada masalah . Ulang tahun kok malah bikin org bad mood . Ribet",positive
GA BISA DI GUNAKAN PROMO PENGGUNA BARU,negative
Ada baiknya aplikasi memisahkan ulasan antara seller dengan kurir. supaya pembeli tidak menyalahkan seller atas kendala kurir.,positive
Iklan ganggu kon,negative
sangat memuaskan belanja di tokped,positive
Tokopedia dan gojek Udah jadi satu perusahaan... tapi mengapa belum bisa menggunakan gopaylater cicilan? saya coba merchant lain yang katanya kerjasama sama gojek juga tidak bisa digunakan gopaylater cicilan nya?,neutral
Kak..mau tanya..ada yg meretas akun Tokopedia saya... Ini ada yg sengaja meminta kode OTP masuk Tokopedia saya di WA.. profil foto WA.nya lambang aplikasi Tokopedia menggunakan akun WA bisnis.. Berikut buktinya...dan moga keamanannya ditingkatkan. Ini saya kasih bintang 3 dulu. Setelah di selediki. Ari tak kasih 5 bintang. Tp screenshot buktinya GK bsa di Upload dsini trnyata..mungkin bsa dibantu WA atau melalui email resmi yg diberitahukan Tokopedia,neutral
ok,positive
olshop istimewa,positive
sangat membantu,positive
Alhamdulillah aplikasinya memudahkan kita belanja gak perlu keluar 🏡 makasih Toped👌👌👌,positive
good,positive
Baru mau mulai melihat,positive
"Selama pake aplikasi ini sudah banyak dikasih voucher diskon dan gratis ongkir , makasih banyak .",positive
"Pesan barang dan udah bayar bisa dicancel tiba-tiba, dan pesan barang saldo terpotong tapi bukti pesanan tidak ad di aplikasi, sangat kecewa",negative
mantap,positive
gajelas,negative
"Bintang 3 dlu aja, masalahnya selalu di kurir sih menurut saya.. masih area jakarta aja bisa ampe 4 hari baru nyampe barangnya",neutral
👍👍,positive
Rada kecewa.sdh bayar tiba2 transaksi dibatalkan...,negative
ok,positive
Tolong tambahkan fitur pembayaran melalui aplikasi DANA.. karena sekarang banyak yg pakai DANA 🙏🙏🙏,positive
lumayan,positive
mantap aplikasi nya,positive
aplikasi bagus,positive
memuaskan,positive
"tampilanya krajang malah ribet gk terlihat semua toko, tampilan vocer juga ribet, mending yg dulu kelihatan semua enak",negative
"Toko online sebesar Tokopedia ko mau bekerja sama sama ekpedisi lelet macem anteraja, malu maluin nama Tokopedia banget sih, kalo tau kerjasama sama ekspedisi lelet tuh ya minimal adain pengiriman pake instant. Ini saya mesen barang dikirim dari jakarta utara ke selatan 3 hari cuma digudang jakarta utara doang, itu paket saya disana diapain gatau, first time belanja ditoko pedia malah begini, mending di sebelah.",negative
Puas bangat belanja pake tokopedia menberikan kemudahan dan membantu kami yg didaerah jauh dengan program memberikan gratis ongkir trimakasih.🙏,positive
"Sampai saat ini masih menjadi aplikasi belanja online no1, untuk keamanan kenyamanan dan pengalaman belanja. Masih berharap ongkir ke luar pulau bisa lebih terjangkau hehe",positive
good apk,positive
"𝗚𝗢𝗢𝗗 𝗔𝗣𝗞, 𝑺𝑼𝑫𝑨𝑯 𝑱𝑨𝑫𝑰 𝑺𝑻𝑨𝑵𝑫𝑨𝑹 𝑶𝑹𝑨𝑵𝑮 𝑩𝑬𝑹𝑩𝑬𝑳𝑨𝑵𝑱𝑨......👌( ･ㅂ･)و💰",positive
Alhmdllh trimakasih toped bisa buat cari cuan,positive
bokep,neutral
Aplikasi bagus,positive
👍👍,positive
Belanja ko dibatalin terus. Niat jualan ga nih aplikasi. Giliran di komplen ke cs lama ga bales bales. Ga kaya ol shop yg lain. Delete lah ga jelas,negative
sangat membantu,neutral
Penyelesaian komplain oleh tokopedia tidak adil. tdk ada bukti foto atau video dari penjual online bhw barang yg dikirim sesuai dgn jumlah yg dibeli tetapi dana tetap diteruskan ke penjual online. Pembeli yg dituntut hrs memberikan bukti lengkap. Padahal bukti sdh diberikan dan saksi hidup juga ada,negative
👍👍,positive
"bangkeee. mau hapus no telepon aja susah. jadi kagak, ribet iya . giliran tutup akun, data gak bis di pake di Apk lain.🖕",negative
terbaik,positive
Sangat bermanfaat,positive
good,positive
Semoga terus berkembang Tokopedia.,positive
"Baru 2 minggu pakai Tokped Layanan seller cepat, tapi kurirr COD di daerah Kabupaten Bogor nya kaya devkolektor, Tlp gak udah² padahal masih nyupir apa lagi saya supir ambulans kebtulan lagi bawa pasien resiko nya besar kalo maksain respone. alhasil milih retur paket nya aja. begitu liat bahasa kurir nya kurang enak di denger.",positive
membantu,positive
Prosesnya sangat cepat.good job tokopedia🤩🤩🤩,positive
"Kurang profesional dalam melayanani komplin,banyak toko yangtidak amanah",negative
"Tokopedia makin kesini makin parah perihal kurir rekomendasi nya , kenapa harus pake id express sih...banyak trouble di pengiriman nya kacau ... Kurir rekomendasi nya parah lah menurut gw.. Masa iya konsumen hrs ambil paket langsung ke gudang nya...pengiriman nya lelet banget tuh id express..👎👎👎",negative
Mengecewakan,negative
"Semakin parah,,aplikasi nya ,, di luar jawa gk ada gratis ongkir dan cod",negative
"Kurir rekomendasi tokped sekarang jelek banget, dah beberapa kali dapat kurir yg pengiriman lama, jadi makin males belanja disini.",negative
promo ga jelas,negative
Ini kenapa kok mau daftar bikin akun ga bisa mulu dari kemarin kemarin? Tolong benerin dong servernya padahal pengen belanja,negative
aplikasi bagus,positive
"sebagai member affiliate, sangat kecewa dengan akun yang di banned.",negative
"Tokopedia tlg gak usah bermitra sama SAPX, udh pelayanan lama, kurirnya gak sopan, tokopedia kena imbas jeleknya kalo order di tokoped kurirnya sapx! Coba dibaca feedbacknya yg brg dikirim pake jasa mereka, rata2x kasih rate nya jelek, dan bukan cuma sekali dua kali lho, tp setiap kali order kurirnya sapx pasti ngeselin buyer anda!!!",neutral
bagussss,positive
terimakasih tokopedia,positive
Ok,positive
"Dapet harga 0 rupiah dan gratis ongkir 0 rupiah,,, wah kurang baek gmn lagi tuh..",positive
Mantabppp....,positive
mantapp,positive
Mantap,positive
"keren, bayar 1 perak dapat pulsa 5000",positive
"untuk kendala masalah, responnya udah ok",positive
"hp baru nomor baru niat belanja,dapat diskon di hangusin.. belanja 40 ribu kena ongkir.. lucu banget",negative
Mantap,positive
mantappp,positive
"Kecewa, sekarang gk bisa di gabungin gratis ongkir + cashback",negative
"Tokopedia care, pelayanannya bagus. Dan saldo saya sudah bisa ditarik. Trimaksih tokped.",positive
asikkk,positive
Mantap,positive
kereeeeennnn,positive
mantap,positive
ok,positive
"Sangat merugikan & baru saya uninstall, alasannya karena barang yg saya sudah pesan dari minggu lalu diperpanjang lagi waktu pengirimannya sampai tahun depan dengan alasan libur hari raya keagamaan & tahun baru & tidak bisa melakukan pembatalan serta pengembalian dana, sampai sekarang barang pun belum sampai. untung harga barang tidak mahal, tapi apa jadinya kalo kita memesan barang yang mahal akan sangat tambah merugikan lagi,btw saya udah lama ikut aplikasi ini sangat-sangat tidak recomended",negative
"tolong lah Tokopedia , bagi pengguna baru di kasih fitur cod lah. kan kasian kalo yang ga punya aplikasi pembayaran online atau semacamnya",positive
top markotop,positive
Good,positive
tokopedia slalu ada is the best,positive
TOKOPEDIA YA BARANG BELUM DI TERIMA DANA SUDAH DI BERIKAN PENJUAL. AYO SEMUA UNINSTAL APK INIII,negative
Ok,positive
"Kenapa tidak bisa cod, padahal saya di pulai jawa",negative
mantap,positive
Seng penteng YAKIN .,positive
okey,positive
Bos tokopedia cuma ngasih 1coin medit amat toko sebelah bisa ngasih 100coin,positive
"Aplikasi penipu hahah, btw beli batu di toped seharga 11jt🤣",negative
kalau barang jadi ok,positive
"Bayar paylater kendala disistem, padahal sudah bayar tapi masih proses, sekarang kena denda, trus gimana, belum lagi dikomplain slow respon. Saya gak mau ya kena ojk atau nama buruk pdhl dikesalahan tokped. Apalagi dihubungi terus sama marketingnya. Kapok lah.. Gak belanja pake paylater disini, aman dioren. Komplain jg ada no telp nya. Ini cuma by chat aja. No respon",negative
Terbaik,positive
Marketplace teraman..,positive
Mantap,positive
Download aplikasi ini karena kobo☝,positive
baik,positive
"2x beli voucher pakai diskon dicancel terus, gak niat amat ngasih diskon",negative
JELEK PARAH,negative
mantepp laah,neutral
good app,positive
"Aplikasi yg sangat berguna, saya selalu pakai tokopedia untuk belanja online karna lengkap dan bisa gratis ongkir, tokopedia the best✨",positive
Komplain lama respon dari pihak tokped.. Sedang ada komplain malash status barang pesanan selesai,negative
sat set,positive
"Jelek, cs nya ga kerja, komplain terbengkalai",negative
top markotop dahh... 👍🏼👍🏼,positive
Mantap,positive
"percuma ada voucher potongan tp gak bisa dipake, udah beli gagal mulu bikin org isi saldo doang",negative
bagus,positive
"Makin parah, kok sekarang gratis ongkir ke Kalimantan cuma 20k 😡",negative
"Jasa pengirimannya parah ini aplikasi beda sama toko oren selalu tepat waktu ,patah banget sekarang ini aplikasi proses penyelesaiannya pun lama ga satset",negative
mantaapppp sekaliiiii,positive
aplikasi joss,positive
sangat puas,positive
Aplikasi gak bereees...!!!! Pesanan sering di batalin..,negative
membantu cepat,positive
"Saya berhasil check out, dan melakukan pembayaran dan saya pengguna baru dan melakukan transaksi tpi knp langsung dibatalkan dari tokopedia, katanya untuk pengguna baru promonya, lah saya baru instal tdi. Kalau promo ngga real, jgn buat promo. Kecewaaaa saya, uninstal.",negative
good,positive
"Mau beli pake promo malah dibatalkan sepihak, pdhal dah bayar. Jadi rugi, mana pengembalian dana tidak bisa di cairin",negative
sudah ga bisa cicil gopay later padahal.udah langganan gopaylater,negative
mantap,positive
Good,positive
"wahhh asikkk pengguna baru dapat barang gratis, banyak diskonnya tokopedia terbaik",positive
mantapppp,positive
cakep,positive
Karna sya dapat gratis ongkir dari telur yang dipecahkan sya dpt gratis 1 sachet kopi robusta tidak perlu bayar tapi ya tidak dikonfirmasi oleh penjual sama sekali.mungkin karena sya gratis ongkir gk perlu bayar sama sekali uang jadi gitu.jadi malas pakai tokopedia mending balik lagi ke toko oren aja .gk profesional.nama toko online nya Arutala Online Co. Mohon perhatian nya makasih,negative
"Tolong di-update dong list type HP nya, mau tukar tambah waktu di cek HP saya Realme resmi gak dikenal, padahal tahun keluar 2021. Jadi gak bisa mau tukar tambah dari Tokopedia...",positive
Aku mau daftar kok lambat yah...padahal udah berapa kali nyoba tapi tetap aja kek gabisa...maaf kalo aku ngasih bintang satu,negative
"bagus, saya suka",neutral
Promo ga bisa di pake lg nanti kasih bintang 1 lagi,positive
"marketplace paling buruk, ongkir tiap hari bisa berubah, ongkir paling mahal, padahal tokonya sama",negative
GK ada gratis ongkir,negative
"Aplikasi berat, double akun langsung gratis ongkirnya di banned... ongkir e commerce paling mahal dan ribet sedunia.. ganti nomer susah,ganti email ribet...eh ujung2 ñya akun tidak memenuhi syariat dan ketentuan... kalo ribet kyk gini gimana mau saingan sama Shopee dan Lazada???? Pelanggan pada di banned semua gratis ongkirnya",negative
mantap brohhh,positive
bagus,positive
sangat membantu dlm kebutuhan,positive
"Kita baru mengenal dunia app ini, dan ingin mengenalnya lebih jauh lagi.",positive
Sering menggunakan aplikasi disini untuk belanja lebih mudah banyak pilihan dan cashbacknya apalagi tiap bulan rutin pembayaran tagihan. Sekarang Akun saya keblokir tidak bisa menggunakan promo.,negative
oke bangeett,positive
Dapet diskon 30rb padahal belum belanja apa apa udah bayar ke Alfamart malah di balikin dana nya. Kata nya manipulasi biar dapet diskon padahal belum pernah belanja apa apaa -_-,positive
goood,positive
mantap,positive
banyak promo belanja hemat,positive
sangat puas banget belanja disini selain banyak diskon nya murah murah lagi,positive
Mantap,positive
bagus,positive
Tombol close transaksi di gedein agar mudah dilihat. Dan barang sudah sampai dan sudah close tapi kok dibilang masih dikirim.,positive
JANGAN BELI DISINI LAGI GES...KLO BAYAR PAKE VIRTUAL ACOUNT SUKA DI GAGALKAN SAMA TOKOPEDIA NYA!!!! VOCER SUKA GAK BERLAKU DAN HANGUS TIBA2!!!! NOT RECOMMENDED!!!,negative
Beda Ama shope cuma pake jnt lelet kek siput,positive
belum terkirim jgn minta pendapat dulu,neutral
Sangat memuaskan Ongkir terjangkau,positive
"Kmren suami cek out barang 0 rupiah udah nunggu lamaa, tiba2 barangnya di cancel.. Kan jadi 😣kecewa.. Plis tokped lainkali kasih promo yang betulan. Jadi para pelanggan happy bisa kasih tau pengguna lain. 🙏🙏 maaf kasih rating jelek.",neutral
mantap,positive
"Di sini tidak begitu banyak metode pembayaran COD, kalo di toko sebelah gampang banget dapet metode pembayaran COD... Semoga diperbanyak metode pembayan CODnya",neutral
"Aplikasi ny asyik,, mantap lg",positive
suka,positive
cukup puas... semoga ke depan tambah bagus lagi,positive
"TOLOLPEDIA, sepertinya udah mulai bangkrut sm ky yg lain, pengguna baru sekarang tdk dapat menggunakan promo gratis ongkir atau cashback, voucher yg tertera hanya manipulasi, auto hapus.. najis.",negative
bagis,positive
"Paylater toko pedia tempo sebulan, bukan 30 hari, tapi 24 hari. Dan bunga besar. Jadi malas belanja di toko pedia. Sudah harga² mahal, bunga besar.",negative
"Yg membuat tidak nyaman belanja di tokped. ada biaya jasa aplikasi, yg tdk tnggung""Rp.1000. System cod yg terbatas/hanya beberapa toko saja yg bisa cod. Pengiriman yg Gratis ongkir,di perlambat. Searching di filter ketik apa keluar nya apa,tdk sesuai. Blm lagi, kalau notif di aktifkan, bisa Ramai benar hp. inti nya tokped yg sekarang makin kacau. Kalah jauh sama aplksi tetangga,rating sedikit tapi lebih josss.... Semoga kritikan ini buat pelajaran buat tokped kedepan nya, biar top lagi.",negative
mahal semua anying wkwk,negative
sangat cepat,positive
murah murahhhhhhh,positive
Kembalikan sepwrti dulu lah ..ongkir mahal sekali ..,negative
Disuruh perbarui karena mau upload resep setelah sudah diperbarui malah tidak bisa upload resep dan gambar,negative
sangat membantu dan terbaik,positive
Saya kasih bintang 3 dulu soale upload dokumen ga bisa nanti kalo bisa saya kasih bintang full,neutral
"Terimakasih tokopedia atas promo, bonus dan hadiah menarik lainnya, pertahankan",positive
"aneh akun ngak bisa transaksi,setiap transaksi ada kesalahan terus,yg kasih promo dia yg ngasih ongkir gratis dia,kita sebagai pembeli tinggal pilih mana ada yg cocok,pas d komplin kita pembeli yg d salahin,kita pembeli memilih pilihan yg tetsedia,baik pembeli mau pun dari toped sekalipun,emg aneh ini tempat belanja online yg satu ini,apakah kita gara2 ngak mau lagi langganan plus gratis tampa batas per 6 bulan d perpanjang,gmna mau bisa belanja nyaman klau seperti ini yg terjadi..",negative
Mantapkeun,neutral
pengiriman tidak ter updat,neutral
dpt payung grts smoga aja bner . mkshhh,positive
"Berkali-kali checkout tapi dibatalkan oleh sistem. Sekali, dua kali, tiga kali bisa sabar. Tp sekarang sorry to say, bintang jawabannya. Pengiriman pun dilempar2 sampe 3 ekspedisi. Berubah jadi lebih baik please. Bintang bisa berubah",negative
"Ngeselin, ngasih voucher potongan harga, tapi sering di batalkan sistem. Klo nggak niat ngasih, nggak usah adain. Alasannya di batalkan sistem karena manipulasi transaksi, jelas2 saya pake akun saya sendiri, bayar pake m-banking saya sendiri. Nggak jelas banget.",negative
Ok,positive
❤❤❤❤❤❤❤,positive
mantap,negative
mantapp,positive
Alah gratisan nya bohong bgt.. Disuruh milih giliran udah dipilih dan tinggal kirim ternyata bohong. Asa untuk alamat jakarta bilang nya gk dan kurir yg mengantarkan ke alamat tujuan.. Aku pikir eror ternyata smpe berapa kali download dan udah sering hasil nya sm aja gt. Tolong dong gratisan nya untuk pengguna baru jgn hoax aja. Kaya Shopee dan lazada dong asli gratisan nya,negative
"Mantap,banyak pilihan...yg pasti bisa lebih murah...sering belanja disini tapi buat upload foto/video belanjaan susah bgt gak kayak shopee",positive
bagus,positive
"Aplikasi yg mudah di download,dan sangat gampang buat blanja2 online.....",positive
bgus bget,positive
ok,positive
sangat bermanfaat,positive
"Jika kita pusing mencari barang didaerah kita tdk ada,disini lah tempatnya.hampir semua barang ada. Disini bisa membantu saya mencari kebutuhan atau peralatan skala rumahan terutama yg ringan ringan.. Mantap👍",positive
baik,positive
Transaksi di tokped tapi sering sellernya ga update stock jadi sering cancel nya,neutral
Semoga semakin oke,positive
Semoga amanah,positive
Sangat membantu,positive
"Tokopedia sering kasih voucher diskon, itu berguna banget.. Tp kebanyakan diskon itu untuk pengguna gopaylater, ada juga diskon yg tiba"" Muncul & tiba"" Hilang juga, entah dari aplikasinya atau sellernya. dgn keterangan checkout & pembayaran tsb, dibatalkan otomatis dr sistem.",neutral
tokopedia emang mantab,positive
👍👍👍👍👍💛💛💛💛💛,positive
Pelayanan bagus,positive
sangat membantu,positive
mantap,positive
Baik,positive
Banyak promo ntaps,positive
mantap tokopedia pengguna baru,positive
Gajelas,negative
PAKE VOUCHER DISKON15 MALAH SALDO DIKEMBALIKAN MULU KE GOPAY !!! MALAH BIAYA ADMIN UDAH KEPOTONG LAGI !! SEDIAIN VOUCHER YANG BISA DIPAKE !!,negative
oke,positive
Baru aja awal pake transaksi langsung dibatalkan sistem,negative
mantappp,positive
Pengembalian dana tidam masuk🥺🥺😑,negative
Toko pedia bukan makin maju tapi malah makin mundur kinerjanya.... Untung ajah kawan2 yg kuajak pada males,negative
oke,positive
"kurir gak ada yang kompeten, pengiriman sangat lambat, penjual rata rata slow respon, beda jauh sama shopee yg bisa handle pengiriman lebih cepat... paling males belanja di tokped..",negative
terimakasih,positive
Panikk min ? Sampe ganti kebijakan ?? 🤣🤣🤣,negative
Cukup membantu,neutral
"Murahhh"" barang nya",positive
Baru download mau nyobain promo udah isi gopay segala.. setelah co.. mlmnya tau2 pesanan di batalin... ga tau deh konsepnya gimana!!!,negative
loading berat,positive
Mantapppp,positive
Ok,positive
mantap ok ok,positive
Cakep,positive
Tolong diperbayak barang gratis kalau bisa setiap hari ada barang gratis,positive
"Nyaman dlm ber blaja ,pengiriman nyacepat,trimakasi Pedia semoga sukses selamanya",positive
bagus sangat,positive
kemudahan berbelanja jadi pilihan kita semua ....semoga lancar & amanah... Aamiin.,positive
Pelayanan untuk barang komplain terlalu ribet. Tidak bisa memberi solusi yang cepat. Merugikan banyak customer akibat seller nakal. Kurang selektif dalam memilih seller.,negative
Pengiriman lama banget. Tolong di perbaiki.,neutral
Kok bisa pengguna baru pesananya langsung di batalkan karepmu pie,negative
mantap bunga paling ringan.joss,positive
Suka,positive
ganti lagi komentator bahasa indonesia pas piala dunia 8 besar.. gak enak didengar.. parah nih,positive
good,positive
sangat baik,positive
goodjob,positive
mantap tokopedia,positive
Terlalu sering di update aplikasi,negative
"Cukup puas belanja di tokped. Pernah 1X beli vitamin ternyata palsu, isinya spt jamu!",positive
mantap,positive
mantap,positive
Tokopedia masih aja kecolongan sama penjual nakal dan tidak punya integritas ..yang paling males dan ga suka kalo ada kendala komplain ke cs udah susah di bales chat y bisa taun depan parahhh sihhh masih jauh dengan shopee,negative
Makasih ya buat traktiran nya semoga semakin sukses ya buat tokopedia,positive
"#unistalltokopedia Mari beralih ke mbak shopee Disaat shopee bisa berbelanja dengan menggunakan 3 voucher sekaligus (voucher gratis ongkir, voucher toko, voucher shopee) tokopedia dengan ""pede"" nya merubah kebijakan voucher gratis ongkir jadi tidak bisa dipakai bareng voucher cashback. Selamat tinggal Tokopedia, saya akan rekomendasikan hal ini ke keluarga, kerabat, serta temen2 kantor, temen2 sosmed, dll untuk tidak lagi berbelanja di tokopedia atw bahkan uninstall aplikasi ini.",negative
mantaaaap,positive
Apk hebatttttttr,positive
sangat memuaskan dan sangat bermanfaat,positive
mantav sih recomend banget tokped,positive
Bebas ongkir berkurang,negative
Terimakasih semoga bermanfaat aplikasi nya,positive
"Transaksi ribet mau mengajukan pembatalan dipersulit sudah saldo terpotongbarang melebihi estimasi sampai seminggu tp saldo tidak dikembalikan nyesel pakai tokopedia,pikir2lah menggunakan tokopedia",negative
lancar jaya,positive
Visi misi nya ..bagus,positive
Mau lihat foto pembeli kok gk bsa ya sudah dri kemarin masih aja eror,positive
"Kenapa tokped ga bisa ngalahin toko orens karena dalam segi apapun si orens lebih unggul, contoh 1. Kepuasan konsumen, si orens lebih mementingkan kepuasan konsumen dari pada jilatan dari seller. Makannya kalo ada keluhan dari buyer toko orens gercep, ga kaya tokped' mamu membatalkan pesanan alasannya toko sedang tutup eh diketerangannya lucu menunggu persetujuan penjual wkwkwkw. Kita cencel karena toko tutup loh!!!## Ngabisin waktu jadinya. Toko aneh",negative
"Tokopedia kok gak ada fiture cod padahal udah bahagia banget ada promo tapi malah gak ada cod sedih banget deh kecewa sama tokopedia kali ini :( Padahal kalo ada paket gak pernah saya cancel,dulu aku bangga banggain ama teman lebjh bagus tokopedia dari pada yg sebelah :(",neutral
"Nunggu TokopediaCare 1 jam cuma dijawab ""dana akan dikembalikan 1x24 jam"" Kenapa ga bilang dr awal? Nyesel beli di tokped. Update, ceritanya dapet voucher yg bisa digunakan sampe 12 Desember. Sebelum tgl tsb malah ga bisa di pake voucher nya. Eh pas komplain malah di ilangin voucher nya. Ga lagi² dah komplain ke cs. Bukanya menyelesaikan masalah malah ngilangin barang buktinya",negative
wah,positive
😍😍,positive
Good,positive
mntap,positive
ok,positive
bagus banyak promonya,positive
belanja di tokopedia aje pasti dpt diskon ongkir gratis good deh,positive
"Aku bisa dapat brg Free Dari Apk Ini Thank You Tokopedia,,👍👍👍👍👍👍",positive
Kok ulasan gw di hapus? tokped sangat tidak bagus masa pesan gw di batalkan secara tiba2 ehh kalau masih dikasih rating bagus jgn suka membatalkan pesanan secara otomatis... bagusan si orenge,negative
Bagus,positive
Erm what the sigma???,positive
bagus,positive
Terimakasih. . Salah satu aplikasi toko online terbaik dan pelayanan tercepat. . Terimakasih Tokopedia,positive
Bagus bosku,positive
tolong dong.. tu jasa anteraja gk usah di pake lah.. gk jelas,negative
"pelayanan cs buruk, kayak bicara ama robot gak ada solusi",negative
Iklan,negative
"Maaf ku kasih bintang satu, sangat mengecewakan, saya pengguna baru dan menggunakan promo yang ada, eeeh taunya saat sudah melakukan pembayaran tapi transaksi malah tidak berhasil. Berulang ulang di coba tetap tidak berhasil.",negative
Best,positive
bagus,positive
"dulu kalo chat cs tokopedia langsung direspon lumayan cepat. sekarang chat cs tokopedia malah cuman dispam bot ""Mohon maaf, saat ini TANYA belum bisa secara langsung menghubungkanmu dengan CFS Tokopedia Care"" gitu aja terus. makin turun aja sekarang Tokopedia. mending di oren aja yg sekarang chat cs langsung direspon",negative
mantap TokopediaCare taa,positive
good,positive
"Aplikasi modus Ngadain vocer cuman buat menarik konsumen aja, tapi ga bisa di pake dengan dalih yang ga jelas Mending back to keranjang oranye aja lgi 💩💩💩",negative
Susah sekali downloadnya,negative
mantap banyak diskon,positive
Pertama kali coba tokped dan langsung kecewa banget coba pesen barang ekh malah dibatalin sama sistem nya padahal baru beres bayar mana bayar nya di alfamart lagi jadi sekarang yaudah ikhlasin aja uang dan barang nya 🥲,negative
Bagus,positive
"Tokopedia nya bagus,gopay nya yg rakus.tambahan betapa bobroknya ni aplikasi:gw pesan pake next day,bayarnya cash tapi gk ada tanda² barang bakal dikirim.invoice nya aja gk tertera di aplikasinya.dan sekarang hari ke 3 gw nunggu,dan gk ada kabar dari pihak tokped dan pihak ekspedisi nya.wkwk...next day nunggu sampe 3 hari ,padahal sekota.rekomendasi gw mending belanja di shopee aja.",negative
Aku daftar gopaylater udh dibayar tagihannya sebelum jatuh tempo pas mau belanja lagi pake gopaylater cicilan langsung di nonaktifkan gopaylater nya? Why? Salahnya dimana ko langsung dinonaktifkan Gopaylaternya padahal selalu bayar tepat waktu saya jdi kecewa pake goto,negative
Mantul boss,positive
Update mulu ya tiap bulan..,neutral
Dibatalkan sistem dana belum kembali,negative
Tokopedia that right 👍🏻,positive
Sangat berguna. Dan sangat membantu,positive
"Udah nambah 1rb buat biaya aplikasi, skrg klo pake voucher cashback gak bisa dapet gratis ongkir ... Bebas ongkir hanyalah gimmick!!! Hiya hiya hiya ... Kok makin kesini makin kesana si ijo ini. Payahhh!!!",negative
keren tokped,positive
Iklan keluar tiap detik,negative
"Layanan terbaik,vepan dan nyaman di tokopedia",positive
"Ngasih cashback ga tanggung tanggung, topdah 👍",positive
Buruk dalam menangani masalah.,negative
senang belanja di Tokopedia......,positive
Ini updatenya ga maju-maju malah mundur-mundur terus,negative
mantap,positive
cukup baik...,positive
JELEKKK,negative
GOOD,positive
"Mantap. Gagal daftar Gopaylater sekali, langsung bisa di pendaftaran kedua, dan dapat limit 8jt",positive
Ongkir nya ampun dah mahal betul dah lah males install nya,negative
Transaksi lebih mudah dan murah,positive
"notif promo / pmbritahuan gj hmpir tiap menit keluar, alhasil mute tokopedia",neutral
Tokopedia Memang Terbaik👍,positive
manta,positive
Sangat kecewa dg toped karena vc freeong tdk bisa di gabung dg vc diskon/cb 👎👎👎👎👎,negative
layanannya memuaskan,positive
mntab,positive
Aplikasi ga jelas udah pesan barang malah dibatalkan oleh sistem vocernya ga dikembalikan !!!!!!,negative
good,positive
Saran kalo barang pesanan sudah terkirim.. harus ada bukti foto penerima untuk kurir nya... masak di tokped tulisannya sudah terkirim seminggu yg lalu to barang belum nyampai rumah.,positive
Semoga bermanfaat,positive
cashback dan bebas ongkir gk bisa di gabung. hrs pilih salah satu.. gk asik lg toped.,positive
top,positive
Barang tidak tersedia di androidmu? Maksutnya gimana kenapa ga dikasih solusi?,negative
👍👍,positive
"Tokopedia nya bagus, namun kenapa tokopedia kerjasama dengan kurir yang lambat-lambat, padahal yang jualnya sudah cepat mengirim",negative
Kapok blnja di sini gratis ongkir nya bikin kesel,negative
Adain pembayaran COD dong ....biar enak gitu kalo mau belanja,neutral
"selama ini tokped yg paling simpel dan mudah dipake, aplikasi nya sendiri gak terlalu berat",positive
suka,positive
enak bngt belanja di tokopedia,positive
"mudah penggunaan nya,dan banyak diskon.terimakasih",positive
"Baddd shopppppp Masa pengguna baru mau dapat promo indomie 5pcs bayar 1ribu Pas udah top up bayar briva eh tiba2 gagal Alasan di batalkan karna ada kecurangan Kecurangan apa, orang akun baru pengguna baru, baru ini mau dapet promo segitu Yah emang bener mending si oren atau biru",negative
"tokopedia rekomended krn disini bnyak pilihan jasa kirim, yg bisa kita pilih sesuai pos ditempat/daerah kita. gx sprti toko lain jasa kirim ny otomatis",positive
bagus dan banyak promo nya,positive
Terbaik,positive
"Masih mau coba, jadi belum bisa menilai.",positive
mantap,positive
"Saya nyesel belanja ditoko pedia udh beli di toko robot official nya barang udh saya ajukan pembatalan tp pihak toko gk acc, mengajukan pemindahan alamat gk di acc udh lama ngirimnya padahal deket alamat nya udh mengajukan laporan karena tokonya gk amanah tp gk ada respon udh mah saya butuh banget barangnya nyesek jadinya gk bakal belanja lagi fi tokped kapok",negative
Tokopedia skrg tambah parah..ga ada bebas ongkir trus pengirimannya lama banget..byk biaya ini itulah,negative
Mudah untuk berbelanja👍,positive
baik,positive
"Gratis ongkir dalam bentuk voucher, tapi ga bisa pilih kurir😂",negative
oklah,positive
Tokopedia gandeng gojek... hmm... gandeng julo juga dong... hehe,positive
"Kurir rekomendasi Tokopedia lelet, mending disebelah aja gratis ongkir banyak tp pengiriman tetap cepat",negative
.. Dii. N BB by BBG. BB nya,negative
sangat bagus n mudah mencari barang serta rinciannya,positive
good,positive
bagus,positive
"Toko online paling ribet/repot/dan menjengkelkan.yang pernah ada!.""harga barang terlalu mahal.di tambah ongkirnya.""sperti berbelanja antara planet satu ke pelanet satunya."":kurir nya mau trima beres males mencari rumah pembeli."":(tidak semua rumah itu ada titik kordinat google nya.)cari karyawan kurir yang mau kerja jngan sprti anak raja.(LUCU)PEMBELI DI SURUH AMBIL PAKET SENDIRI.(AANEHH)",negative
baik,positive
mantulllll,positive
"Baxak free ongkirx, bxak diskonx, saya suka sekali online shop tokopedia,, makasih toped sdh bisa membantu menjlankan bisnis sy..😊😊😊😊",positive
goood,positive
Puas Dapat gratis ongkir + harga 1000 rupiah🥰😍,positive
Terpercaya,positive
"Dear Tokopedia, untuk seller yang lama respon kirim barangnya mending batal otomatisnya kalo bisa 1 hari atau max 2 hari lah, jangan sampai 5 hari nunggu batal otomatisnya buang2 waktu, makin kesini toped mengecewakan",negative
"Gak jelas kode promo toped bisa "" kode promo hilang sendiri",negative
sangat membantu,positive
ok,positive
makin kesini makin gajelas. beli barang tiba2 dibatalkan alesanya make voucher berlebihan lah. kan selagi bisa dipake kenapa engga?!,negative
luar biasa,positive
"Sekarang dikenakan biaya tambahan makin membebani, jadi saya kasih bintang 1 aja. Sebaiknya pilih yang lain aja.",negative
bagus,positive
"Apakah pembelian pelatihan di toped bermasalah, tombol ulas di dashboard prakerja belum juga muncul..",positive
Voucher mau dipake hilang lolos aplikasi lawak,negative
good,positive
trims,positive
Terbaikk dehhh,positive
Tokopedia sangat membantu saat ber belanja,positive
cukup baik melayani publik,positive
Aplikasi bodoh... Mau login pake hp lain ga bisa... Terlalu gobl@g apljkator ini,negative
banyak promoooo,positive
sangat membantu,positive
Tokped ok banget TKS ya traktirannya,positive
makasih Tokopedia,neutral
"Mau beli peelengkapan buat lebaran kok minimal belanja 50 si ,min belanja 10 RB aja dong pasti rame yg beli",neutral
"Sewaktu mau ngakses halaman komplain ga bisa-bisa, kayak sengaja gitu biar komplainnya segera selesai. Kalo kaya gitu caranya ya gausah ada halaman komplain dong. Serasa ditipu sih",negative
Sering update,positive
"Katanya gratis ongkir tapi tetap sj ada biaya ongkir 18 RB, tu mah bukn gratis ongkir nama tapi diskon gimana ni tokopedia",negative
mantp,positive
keren,positive
Buruan download deh murah murah,positive
sip mantab,positive
Jempol jempol jempol👍👍👍👍,positive
bagus sangat membantu,positive
puas,positive
Thanks tokped,positive
Aplikasi nya lemot parah jauh sama shopee Tolong di perbesar storage server nya,negative
tokopedia memang paling top,positive
cepat hemat akurat,positive
mantap,positive
Sangat buruk diskon pertama ajh di batal kan . Padahal baru install .,negative
mantap,positive
Toko ga amanah seller ga bertanggungjawab di terima aja kasian yang rugi beli iPhone 11 juta malah dapet batu :),negative
ok,positive
sangat membantu sekalai berbelanja,positive
Memuaskan,positive
mantap,positive
ok,positive
Apakah Tokopedia bisa COD?,positive
bagus,positive
seneng bgt belenja di Tokopedia mantap,positive
Apaan sih malah log out terus benerin lah bug nya,negative
Mantab Perbanyak cashback nya biar semangat belanja,positive
bagus,positive
mantap jiwa,positive
udah beralih ke ecommerce lain,negative
gangguan mulu di rumah tokped gimna sih,negative
Bagus,positive
Ok,positive
mantap,positive
Buruk,negative
sangat membantu,positive
tokopedia emang joss,positive
Pengiriman diusulkan pihak tokped. Tapi gak ada yg bener. Jaktim-bekasi seminggu baru sampe,negative
Tokopedia ganteng,positive
mantap,positive
"kereeeen, pengguna baru dapet barang free 😍",positive
Terbaik,positive
"SERVER TOKOPEDIA SELALU SIBUK, SAYA MAU BAYAR UKT KULIAH GAK BISA BISAA! ROLONG DONG SOLUSINYA",negative
coba,neutral
👍,positive
"Kecewa banget dengan tokopedia yang sekarang, gak bisa gratis ongkir dan pake voucer bersamaan",negative
Alhamdulillah,positive
GOOD👍,positive
"Hapus kurir JNE.. Kapok pake JNE gak bener semua kurirnya, datang melebehi estimasi telat beberapa hari !!",negative
Gila Dateng nya lama bgt beda sama olshop sebelah ini mah gajelas payah kelamaan Dateng nya gila!,negative
Lemot tp sllu sabar,neutral
ķerenn,positive
paylater nga bisa pakek,negative
terima kasih tokopedia sudah menjadi mitra plaform terbaik prakerja sehingga kami bisa menambah ilmu pengetahuan untuk membuka usaha sendiri,positive
Banyak seller yang naikin rating yang beli dia yang komen dia....driver gojek yang jadi kambing hitam....di suruh ngantar angin.... tolong kepada Tokopedia diawasi orang semacam itu,negative
Kenapa ya tokped saya bermasalah pas lihat produk.,positive
mudah dan gak ribet,positive
"sangat mengispirasi bagi kami,semoga kedepanya lebih baik lagi",positive
Tokopedia sangat bagus. Saya salah satu peserta yang lolos prakerja. Tokopedia membantu saya untuk membeli pelatihan prakerja dengan mudah,positive
Ginikan mantap,positive
tokopedia mantabb,positive
"Gak rekomendasi, verifikasi nya ribet",negative
Aplikasi penipu dasar JELEK BGTTT APLIKASI PALING JELEK SEUMUR DONWLOAD APLIKASI BENER BENER JELEK BGTTTT!!!,negative
terimakasih atas bantuannya,positive
mantap,positive
Mantap,positive
puas dan aman belanja di Tokped👍,positive
Syvpesan makanan beku tgl 28 maret .. dg pengiriman next day .. sampai hari ini sy blm menerima pesanan yg mngkin sdh kadaluarsa akibat tertahan di gudang jasa kurir .. sy komplain cuma disuruh menunggu .. harus nya lebih cepat tanggap .. biar bisa kami batalkan pesanan itu ...kr sdh ga mungkin sy mengkonsumsi makanan yg sdh kadaluarsa .. tlng dibantu .. bkn hnya pemberitahuan menunggu batas waktu yg ditentukan saja,negative
mantul,positive
Seneng aja,positive
"upgrade upgrade upgrade upgrade upgrade upgrade! terbaru minta di upgrade gegara bawa-bawa Ramadhan. tetap saja gambar loading nya super lama baru tampil di beranda. Kirain di upgrade supaya reseller yg nakal, yg suka nyomot gambar bisa segera di hilangkan dari kolom pencarian ketika kita mencari sesuatu, ternyata masih ada saja yg gambarnya serupa walau berbeda toko nya. Parah",negative
Belum puas dengan pelayanan nya,neutral
Terimakasih,positive
TOLONG UNTUK TOKOPEDIA.JASA PENGIRIMANNYA JANGAN PAKAI SI CEPAT.KARENA LELET DAN TIDAK PROFESIONAL,negative
mantap,positive
Kalo ngga niat kasih gratis ongkir sama diskon mending ngga ush masa udh dapet diskon sama gratis ongkir malah di batalin sistem udh mah bayar pake Alfamart kena admin di batalin lagi ngga jelas banget nyesel gua belanja di ini apk,negative
Memudahkan dan praktis untuk berbelanja kapanpun dimanapun bisa belanja,positive
setiap bulannya utk semua tagihan aku serahkan ke toped karena dapt voucher disc... lumayan,positive
"Order dibatalkan sistem,promo hilang",negative
Minta update mulu. Ribet. Shopee bèllanja disana terus ga pernah diminta update.,negative
"sangat membantu, saat urgent",positive
Payah,negative
promo yg luar biasa,positive
ok sip,positive
mantap aplikasi belanja terbaik,positive
"Min, kenapa di akun saya belum bisa mengaktifkan fitur COD ya.....? Mohon penjelasannya",neutral
thanks tokopedia,positive
"Hati2 banyak seller penipu.. salah satu nama toko ""Sari1212"" Pihak tokopedia juga tidak ada respon atas keluhan pelanggan, sepertinya ada kerjasama dengan para seller yg tidak bermoral !!!",negative
"Ini bagaimana sich TOKOPEDIA sdh dikenakan biaya transaksi bukannya semakin baik malah server error' trus, katanya biaya transaksi digunakan utk melayani lebih baik lagi???malah kebalik layanan jd buruk sejak ada biaya transaksi layanan Rp.1000",negative
Mantappo,positive
mantap,positive
bagus banget,positive
Over all bagus cuma kurang promo gratis ongkir,positive
Ngasih Ulasan Error,negative
Selalu Memberikan Fitur Prima dan Menarik,positive
Pliss developer tambahin dark mode,positive
toko pedia mantap lah,positive
👍,positive
Barang bagus dan ori,positive
mantap tokopedia bisa blnja gratiss 😍,positive
good,positive
saya tidak bisa bertransaksi kenapa ya padahal pin yang saya masukan sudah benar,positive
"Aplikasi gak jelas. Aku pengguna baru, pinjem pembayaran lewat bank kakakku, kedetec dan dibatalkan sistem padahal aku murni pengguna baru. Cuma pakai bank yg sama vc ilang dan gak balik lagi. Balasan cs sampah, gak guna. Nunggu 10 menit abis itu balas sekali langsung ngilang, gak bermutu bgt. Cs tokped paling buruk pelayanannya dibandingkan aplikasi lain",negative
simpel,positive
"Aplikasi keren, banyak promo, cashback dan gratis",positive
Ku update karna bagus😮‍💨😨💅😭🤓🗿,positive
Knp sy ga bisa instal ya,negative
belanja pakai tokopedia lebih mudah dan transaksi lancar,positive
Pelayanan bagus & cepat. Barang yg dijual berkualitas,positive
wah bagus banget,positive
mantap,positive
Hanya memilikk 1 akun dan diduga melakukan kecurangan. Aplikasi aneh,negative
Paket saya ga nyampe rumah padahal alamatnya udah bener . Ditunggu 2 minggu malah kurirnya ga ada kabar.. gajelas emang sicepat.. ujung2nya y diretur.. karna kesel y gua kasih bintang 1,negative
Sekarang tidak bisa di gabung voucher cb sama free ongkir,negative
sangat mudah,positive
"hati hati belanja di sini , Karna kalo barang datang terlambat melebihi waktu estimasi Pun mereka ga mau di salahkan, dan memberi jawaban perubahan masa estimasi bisa berubah sewaktu-waktu, sedangkan itu sangat merugikan bagi kita sebagai pembeli bahkan saya menggunakan asuransi pengiriman tapi ga guna guys hati hati ya",negative
😀😀😀😀,positive
bagus,positive
cakep,positive
"Gak banget deh, masa sih pakai kupon kyk dipersulit anjrrrrr. Kupon pelanggan pertama kl dibatalkan pembelian otomatis hangus. Trus menurutku kupon2nya lbh ke ngakalin sih, gak bs kepake juga dak harga nya tetep harga sama. Misal dpt pembelian pertama rp 100, tp metode pembayaran di persulit, masa sih gak bs pake mandiri haeus minimal 10rb, anjayy aplikasi ini",negative
Udah mesen malah di batalin sama Tokopedia ny alasannya ga memenuhi kriteria pembelia 0 rupiah bagi pelanggan baru,negative
Sangat bagus,positive
Klaim ongkir sudah mau 1 bulan belum juga selesai infonya. Padahal pengembalian barang sudah sampai di penjual. Keterangan klaim ongkir akan selesai jika pengembalian produk sudah sampai tapi sampai sekarang belum cair juga,negative
Bos kenapa tokped skrg susah tampil nya.,positive
Pelayanan Tokopedia buruk estimasi waktu pengiriman tidak sesuai berubah seharusnya paket diterima tanggal 20 malah dirubah ke tanggal 23 maaf barang Saya kembalikan,negative
sangat mudah bertransaksi,positive
"Semenjak kerja sama tiktok pengiriman via jnt Tangerang ke Tangerang lama,udah 4 HR blm jg d kirim,,,,hadeeeh",negative
Okok,positive
Bagus murah dan banyak promo Dan diskon jadi bisa nyetok barang terus jual di shopee ☺️☺️😁😁. Toko pedia aplikasi ter bagus dan tepercaya 😊😊😁 terimakasih toko pedia,positive
mantappp,positive
good,positive
sangat senang,positive
"Transaksi selalu dibatalkan sistem, padahal udah sesuai ketentuan.",negative
"Akhirnya saya memutuskan untuk uninstal aplikasi ini. Voucher dan promosi yang disediakan sangat menarik, tapi menjadi tidak menarik lagi karena ""kurir rekomendasi"" nya sangat tidak rekomended. Barang datang sangat terlambat, itupun setelah mengajukan komplain di aplikasi dan di berbagai media (twitter, ig, dan wa). Tokopedia harus benar-benar berbenah, terutama terkait ekspedisi yang digunakan.",negative
gratis ongkirnya ga bohongan 😍,positive
"Selalu download sedang di proses, kemudian gagal mau ngubungin CS care juga seperti itu",neutral
bagus banget,positive
³fgq⁰,negative
"terpercaya pokonya,, mudah, aman, banyak promo, banyak keuntungan dari coin",positive
mantap,positive
dengan dana sangat membatu,positive
puas banget jual atau beli di Tokopedia 🤗,positive
Mau benja di toko pedia,positive
"Auto uninstall, ruwet, udah pengguna baru tapi dipakai tidak bisa .",negative
"untuk aplikasinya,saya suka sii. udah baguss. tapi, tolong lebih perhatiin ekspedisi yang kalian pilih. ekspedisi hampir sering Tokopedia ini pake JNE, lelet banget. info di gerai lokasi 4 harian ga di kirim ke tmpat saya. lebih dari estimasi. seminggu di perjalanan, 4 hari di kantor. kek mana lha kalen kerja nih hah. bilang alamat ga ditemukan, klo gatau jalan.. bisa call aja saya juga udah cantumin nomor. ngeles terus JNE ini. suka apk nya, tapi bikin males klo ngadepin ekspedisi bgni terus",neutral
burik,negative
jod,positive
top deh pakai tokopedia cepat pelayanannya..barang oke punya.😊,positive
"Mau belanja bayarnya ribet, kaya mau urus KTP aja. Harus pake ATM Danamon. Mending di toko merah ga ribet belanjanya.",negative
sudah langganan dri tahun 2017 mantap...,positive
😍,positive
"Untuk pemesan datang tepat waktu dan cepet prosesnya,kalo bisa pertahankan dan jangan salah kirim pesenan buatvpelanggannya",positive
Menyenangkan terimakasih,positive
Perkembangan yang sangat baik,positive
"PARAH NIH APK,PENHANCUR HARGA DRIVER,,,,,,",negative
ok,positive
mntap ni promo 8.8,positive
Terlalu mahal ongkirnya,negative
"Nasib belanja di Tokopedia yang kurir jasa ekspedisinya itu direkomendasikan oleh Tokopedia. Kebetulan saya dapat rekomendasi jasa ekspedisi ID Express oleh Tokopedia. Menurut saya ekspedisi paling lemot se-Indonesia. 36 jam barang tidak juga di pick-up, sehingga harus atur ulang resi. Sampai saat ini barang pesanan tidak jelas keberadaannya entah dimana.",negative
bravo... sangat membantu utk belanja online,positive
Mantap,positive
mntap,positive
Tokopedia skrg dah beda sama dulu. Dulu dana cair 2 hari sekarang jadi 7 hari paling lama dibanding e-commerce lainnya.,negative
BGS SKL APK NYA,positive
Ok,positive
"Kebijakan TOKOPEDIA...ANEH !!! Kenapa masuk Tokopedia harus 1 nomor di hp. Tidak boleh nomor yg berbeda PL Sekrang saya tidak bisa masuk,gara gara saya masuk nomor berbeda di hp saya. Padahal nomor lama saya sudah lama berlangganan di Tokopedia Kalau anda niat bagi bagi cashback Harus siap menanggung resikonya. PARAH !!!! Kompetitor lain ga gini gini amat. Masuk dengan nomor yg berbeda pada 1 hp tidak ada masalah. Padahal sama juga bagi bagi cashback",negative
good,positive
"Jasa pengiriman jelek sekali lama sampai nya, muter2 wilayah itu saja tidak langsung di kirim ke lokasi tujuan. Langsung hapus saja apk nya.",negative
Ok,positive
bagd,positive
kerennn,positive
"tokopedia bad, terima barang reject. malah dananya diteruskan ke penjual. saya sebagai pembeli rugi.",negative
nice,positive
mantap,positive
Ok sangat membantu,positive
Mntul,positive
Untuk cod sangat susah dan jasa kirim nya di atur kalau pakai jnt malas rasa nya sangat buruk pengirimannya,negative
Payah ga bisa cod tokped,negative
aplikasi ini sangat bagus untuk belanja,positive
bagus,positive
puas bgt dpt bonus 10rb,positive
thankyouuu,positive
Oke,positive
terbaik,positive
mantaap,positive
"Bagus, tpi iklannya ngangu gk bsa di x. Skip skip. Kecewa sama iklannya kyak maksa bgt di semua apk",negative
"kami berbelanja suatu barang pembayaran melalui potong saldo, sangat mudah sekali Terima kasih toko pedia.",positive
Ok,positive
good,positive
sangat membantu,positive
good job,positive
baik banyak hadiah nya,positive
Kebanyakan iklan menganggu skali,negative
mantap,positive
"Ada instruksi utk update aplikasi toped,setelah di update tdk bisa di update dan akun tdk bisa di buka",positive
bagus,negative
Bagusss sygggg,positive
mantapppp,positive
apliksi bagus cuma kalo dapet pengiriman sicepat gak cepat lagi jadi si lelet biasa pake jnt/ anteraja 2 pake si lelet jadi 6hari,positive
Samgat memuaskan dan banyak diskon,positive
promonya min,positive
the best,positive
ok,positive
"Sangat tidak baik dan sangat tidak rekomend untuk toko ijo saat ini, dimana voucher cash back dan voucher free ongkir tidak bisa di pakai bersamaan, jika hal ini tidak diperbaiki maaf aku akan segera berpaling dari mu!",negative
Saya sudah tranfer gak ada jawapan sama sekali,negative
"untuk fitur appnya susah dimengerti, tak segampang onlen shop oren",positive
"PROMO NYA BOHONGAN. SAYA SUDAH BAYAR MENGGUNAKAN VA BANK. TETAPI SETELAH SAYA BAYAR, TIBA TIBA PESANAN SAYA DIBATALKAN. ANEH BANGET!!!",negative
banyak diskon,positive
"Tokopedia,mitra yang tepat untuk bisnis dan belanja",positive
"Sudah kapok belanja pakai tokped, kecewa banget pokoke, komplain gak pernah ada solusi dan pihak tokped lebih berpihak pada seller, pengirimannya juga sangat lambat banget, selalu molor dari estimasi, ditanya status pengiriman sampai mana juga gak update dan kesesuaian barang yg diterima tidak sesuai yg dipesan, sellernya sekarang juga banyak yg kurang ramah, tokopedia care juga percuma, di chat slow respon, pokok tokped sudah turun drastis kualitasnya Not recomended lagi",negative
"Eh sumpah gua dapet voucher Mulu anjay😓😭, di cover sama tokped 30rb lumayan hehe makasih ya tokped janji ga ke toko lain heheh😻😻",positive
mantab,positive
Busuk,negative
Mudah dipergunakan,positive
masih dipantau....,neutral
mantap,positive
saya br mencoba,positive
pekok,negative
good,positive
Sangat mambantu saya tentang produk2 yg di tawarkan,positive
"kenapa tidak bisa pakai, pembayaran cod?",negative
"Makin kesini makin bufer bagusan dlu, tak stabil mending tetangga gak pernah bafer",negative
Parah transaksi sering dibatalkan sistem hadeuh,negative
ok,positive
Terimakasih Tokopedia,positive
"Mending belanja di shoppee aja, aplikasi gajelassss",negative
Tokopedian. Memang yg terbaik,positive
"Bagus, tokopedia lumayan peduli dengan semua user,setiap lapor apapun slalu di tanggapi dan solusi nya pun adil. Sudah berkali-kali di layani tokopedia. Thanks...",positive
Terima kasih tokopedia karena adanya dirimu top up steam wallet jadi lebih murah. Kamu menyelamatkan dompetku hari ini. Terimakasih Tokopedia😎☝️,positive
Halo saya Shohibul amar saya peserta prakerja dan telah membeli pelatihan di tokopedia by skill academy dengan judul memulai dan membangun bisnis UMKM sebagai pengusaha. Saya sangat puas bertransaksi di tokopedia karena transaksi sangat mudah dan cepat tanpa kendala dan saya telah menyelesaikan kelas dan menunggu sertifikat turun.sekali lagi terima kasih tokopedia,positive
"Dibatalkan mulu pesanan rp O mah, hoax",negative
"Baru 4x belanja ditokped dan memuaskan, traktiran pengguna baru nya dapet kereta mainan anak. Trs 3 transaksi lainnya mulus, cepat dan yg pasti dpt diskon. Suka deh tokped",positive
Akun di blokir melulu Harga mahal Gak bisa pakai promo Beralih aja ke Blibli dan shopee😂😂😂,negative
Mudahan lancar,positive
Kereeeen lah Tokopedia,positive
"Pihak penjual tidak mau bertanggung jawab atas kesalahan produk yg dikirimkan,dan pihak tokopedia cuma lepas tangan ga mau bantu penyelesaian masalahnya dengan menindaklanjuti seller.. Hancur se hancur nya sikap dari CS tokopedia dlm menangani masalah transaksi customer dirugikan",negative
"tolong perhatikankan sistem kurir rekomendasi / hapus saja kurir rekomendasi ,, banyak oknum yang nakal !!",positive
apalagi,positive
baru belajar belanja online pakai aplikasi ini,positive
"Daftar akun di bagian username nya susah banget buat pengguna baru,di coba masukin nama username trus di klik selesai malah gk bisa terjadi kesalahan pada server terus",negative
oke,positive
"Sebaiknya fasilitas kurir rekomendasi itu di hilangkan saja. Krn klo pake kurir rekomendasi, sampe tujuan super duper lama. Lagian lempar3an kurirnya. Misal, dari pengambilan pake si cepat, handover anteraja trus sampai alamat pake lion parcel.",neutral
Apliksi nya bagus banget,positive
good,positive
Tokopedia is the best,positive
mantap,positive
"Saya member platinum Tokopedia,sudah ke sekian kali nya order barang kalau retur harus kirim manual,dan akhir nya keluar duit lagi buat ongkos kirim,padahal kesalahan penjual kirim barang tidak sesuai dengan gambar,seharus nya penjual menanggung ongkos kirim,yang rugi malah pembeli,chat Tokopedia care pun respon lambat dan tidak memberikan solusi, lebih baik shopee retur barang tetap gratis ongkir lewat jnt",negative
tokopedia mantap,positive
"Gue kesel bgt sama ini aplikasi, baru juga download udah dibuat darting.. iyaaa Sih ada promo pengguna baru, tapi pas mau pilih pembayaran muter muter doang, padahal data ada sampe pake wifi muter muter aja trs.. heran!!!! Pantes gak berkembang kaya apk olshop lain. Mengecewakan!",negative
okkkkkkkkk,positive
Top markotop,positive
sangat membantu,positive
Bagus membantu sekali,positive
coba klw yg dapet gosen instan itu..ditampilkan nomor penerima ke driver gojek..krna titik lokasi tujuan penerima tidak selalu akurat..kasihan cuman nyusahin driver. ongkir diaplikasi 21 rb yg diterima driver 10 rb..hebat luar biasa potongannya 50% buat driver..,neutral
Sering belanja di Tokopedia tapi akhir² ini kesel bgt sama pengirimannya! Ga kayak dulu cepet dan tepat waktu.. sekarang molor jauh! Balikin aja fitur dulu,negative
"Harga2 Barang Di Tokopedia Makin gak jelas Mahal2 Selisih 2X Lipat Di Olshop sebelah Pdhl Produk Yang Dijual Sama...Dulu Tiap belanja Online Pasti Ke Tokopedia,Sampe2 Olshop Sebelah Saya Uninstal Krn Puas dgn Tokopedia, Skrg Beralih Lagi Ke Olshop Sebelah....Terus Terang Kecewa dgn Tokopedia",negative
"Saran saya berhenti menggunakan Sapx sebagai kurir rekomendasi, paket sudah 2 hari tidak bergerak di sapx bandung, pesan paket di bandung ke garut gak gerak sedikitpun. Kalah sama pesanan yang dari jakut dalam 3 hari sudah sampai di garut alamat saya, bukan pke kurir rekomendasi. Pdahal lebih jauh dari jakut daripada bandung. Entah apa yang di lakukan di Sapx lemot banget. Berhenti aja menggunakan sapx sbgai kurir rekomendasi. Klo lemot bgitu apa bisa disebut rekomendasi?? Tentu tidak. Trimaksih",negative
Terimakasih Toped,positive
Benerin dulu itu pusat resolusi ya..,negative
"apa bgt anjir lama bgt pengiriman pake si cepat kirain bisa dateng cepat eh bisa 4 5 harian masih mending pesen di oyen,klo mau dibatalin ditokped kelamaan hrs nunggu acc penjual aplg g ada gratong tiap hari😢😟",negative
jelek,positive
"Merekomendasikan promo kepada saudara ,berupa voucher tagihan ,tp gagal karena adanya potensi kecurangan,to**l bgt sistemnya ,ngapain ngasih promo voucher trus ga bisa merekomendasikan ,trun bintang dulu,trun lagi bintangnya ,kebanyakan biaya aplikasi penganganan,dll .",negative
ok,positive
Terlalu byak promosi smpe ngelag,negative
bagus bangettt..........,positive
bagus buanget,positive
Sangat ribet aplikasi ini.,negative
"Aneh nih Tokopedia, ngasih voucher lokal tiap hari dipake tetiba akunku dibatasi gak bisa pake vouchernya entah karena apa. Udah beli langganan Plus pulak diputus sepihak. Rugi dah, bintang 1 dan uninstall aja. Lebih Enak an belanja di SHOPEE dan Lazada. Bye...",negative
"Kalau pembelian bermasalah ribet luar biasa dan penyelesaian tetap merugikan pembeli. Sudah hubungi tokopedia care jawaban robot, setelah komplain berhari hari baru manusia yang menjawab. Dan tetap pembeli rugi.",negative
sempurna,positive
"baru pertama pakai Tokopedia, mudah2 banyak promo nya biar bisa terus pakai Tokopedia.",positive
Bagus juga,positive
bagus dan cepat,positive
trimakasih tokopedia...belanja onine nggak pakai ribet,positive
Aplikasi pantekk..jelas2 nomor HP gua aktif sampe sekarang mlh dibilang nggak aktif..mau log in malah dibilang nmr hp anda tidak aktif lagi...ya nggak jadi lah belanja di sini,negative
kasih 4 bintang dulu,positive
"praktis, dn bnyak promo menarik di tanggal tanggal tertentu.",positive
"saat ini paket sudah saya terima tks atas bantuan nya,alasan kurir paket dititip dn ga bisa menghubungi sya karna tidak ada pulsa",positive
tokopedia banyak promo jd seneng berlangganan,positive
bebas ongkir,positive
"Tokped manipulasi!!!!!!! GW PESAN PRODUK & UDH PAYMENT DI INDOMARET, & DAPET NOTIF DARI TOKPED NYA LANGSUNG KATANYA ""PEMBAYARAN TERVERIFIKASI"", TAPI KENAPA PESANAN GW.... KALIAN BATALIN GITU AJA!!!!!!!!!!, UANG SEBESAR RP 121.500 NGILANG GITU AJAAAAA!!!!!!!!! TANPA ADANYA REFUND DANA HAAAAHHHH!!!!!!!!!!!!!!!, & KALIAN KASIIIHHH NOTIF ""PESANAN TELAH DIBATALKAN OLEH TOKOPEDIA KARENA MELANGGAR KETENTUAN KAMI & ANDA TELAH MEMANIPULASI DANA""!!!!!!!!!! WOYYYYYY ITUUUUU BUKANNYA KEBALIKKKKKK YAAAAAAAAA",negative
"Tokopedia tolong dong ID express cut aja dri kerjasama jika tidak ada niatan untuk memperbaiki performa, untuk id express di tempat lain saya kurang tau tepat waktu atau tidak, cuman untuk id express th cakung sudah 2 kali pengalaman paket sangat lama dikirim, stuck 6 hari di th cakung, sangat membuang2 waktu. Kalau marketplace nya sih aman ya sejauh ini, tapi jad pengiriman sangat buruk, jika pakai id expres. Semoga kedepannya diperbaiki lagi dan ditingkatkan lagi",negative
mantap belanja dsni,positive
oke bingit,positive
Hebaaat,positive
mantap,positive
Aplikasi yang sangat membantu,positive
Bagus tapi tokped harus mengupdate sistem nya karena aku lagi buka tokped mau nge search malah gk bsa pdhl internet aku bagus,positive
pernah punya pengalaman kurang menyenangkan belanja di sisi. komplain barang tidak lengkap ditolak seller karena tidak ada video unboxing (susah upload😔) harusnya ada aturan seller menimbang berat barang sebenarnya sebelum masuk kurir. pembeli juga menimbang sebelum dibuka untuk memastikan barang yg diterima sama persis. jadi ada jejak forensik yg jelas,neutral
baik sekalii,positive
Tolong kasih pinjaman 300k,positive
Ini kenapa sdh di update bbrp kali masih minta update . Bikin gregetan orang mau belanja malah begini,positive
YANG BELUM DOWNLOAD SAYA SARANIN GAK USAH DOWNLOAD DEH. DARIPADA NYESEL KARENA DISINI PELAYANAN BUTUK BANGET. CS GAK SOLUTIF SAMA SEKALI. PENANGANAN MASALAH JUGA BERTELE-TELE BANGET.,negative
"Janji saya sudah terpenuhi 😍 Sebenarnya ada plus minus dari pengalaman saya baru² ini intinya 1.-karena sistem yang lama dalam menerima saldo yang terkirim melalui pembayaran lain, seperti melalui bank 😭 akhirnya saya kalah cepat karena produk yang saya incar sudah habis stock dan ditambah saat sudah gagal itu saldo BRI saya bukanlah dikembalikan malah tertahan di (saldo refund 😭) tapi untungnya biaya admin nya tidak ada karena pengguna baru coba kalau tdk😪 2 +pelayanan nya top&cepat😍",positive
Sering belanja pake toped banyak gratis ongkir dan cashback jg. Cara order jg simple,positive
Min kalau bisa nanti tolong bisa ubah pengiriman dari ekspedisi apa gitu. Soalnya kalo otomatis ke anteraja bermasalah terus,positive
ok,positive
Makin jelek gk pernah dapat diskon,negative
Saya baru mengikuti,negative
"Belanja di tokped simpel mudah, ada juga kasih paylater nominal nya lumyan masih bisa belanja klo lagi ga ada duit.. 😁😁",positive
"kebanyakan ngasih voucher tapi ga bisa dipakai dengan alasan dibatalkan sistem lah atau pelanggan lah. tau gitu ga usah ngasih"" voucher ke pengguna kalo ujung""nya gaib. pas cek ulasan kirain saya doang, ternyata banyak pengguna lain yang merasakan. kalo begini lama"" juga ketinggalan sama e-commerce lain.",negative
Ok,positive
"Gak ngerti dengan sarat dan ketentuan berlakunya,, klo belanja ditokopedia selau dibatalkan oleh sistem padahal saya sering belanja pake aplikasi ini tapi sering juga dibatalkan gimana nih???",negative
Good,positive
good job,positive
Ok,positive
Mkin smbrawut.. Blom juga sampe psnn sudah di retur.. Pdahal gua dh nunggu psnn mkin ga jlas klah sma onlanshop sblh,negative
bagus sekali,positive
mantap,positive
"Apasi TOKPED so asik, masa aku gini gini gini terus gini gini kaya apaan bgt ga sih? Literally se annoying itu. Tolong lah ya fix it😨",negative
tokped emang oke 👍👍,positive
terimakasih dikasih Rp 0,positive
Lumayan,neutral
ok,positive
Elu mulu yg nongol(-_-),negative
Coba dulu,positive
"saya sangat senang, akhirnya topet bisa bayar pakai gopay, karena saya driver, jadi belanja makin mudah, terima kasih goto.",positive
Cukup memuaskan,positive
Ok,positive
Game/hadiah sangat menggangu pandangan kami,negative
bagus,positive
madodet well,positive
aku sangat puas,positive
belanja di tokopedia sekarang lebih nyaman karena banyak diskon dan gratis ongkir.,positive
toko pedia memang oke,positive
tokopedia harganya mantappp benerrr...AQ suka..AQ suka..,positive
mantap,positive
Pesanan Traktir pengguna baru saya di batalkan otomatis oleh tokopedia dengan alasan ada akun lain yg 1 identitas dengan saya dan ternyata itu adik ipar saya sendiri yg serumah dengan saya.,negative
saya berharap datang nya cepat...dn barang nya ori..ya min,positive
"Bagus, mantap dan berkualitas...👍",positive
"Pelayanan bagus, cuma jasa kirimnya jelek, nomor telvon gerai terdekat di google map tidak ada, cs di mintai nomor kurir tidak boleh, dan alasan lain, paket telat alasan bad addrees, padahal saya pakai alamat itu di jasa kirim lain berkali kali. 3 hari/hari nyampek, ini jelek amat pelayanan jasa kirimnya.",negative
Toko pedia siipp,positive
mantap,positive
Apaan... Beli barang dibatalin system mulu... Ga jelas bgt tokped,negative
Aplikasinya lagi gimana ya katanya pesenan tidak sesuai S&K padahal udh nunggu lama trus udah dibayar padahal pengembalian dananya juga tidak bisa ditarik,negative
bagus.. ♥️👍💯,positive
Mantap,positive
Kurir antaraja sangat tidak amanah dan tidak bertanggung jawap.. Sy belanja di tokopedia sdh bayar lunas atas barang yg sy beli tapi pengiriman tidak sampe ke alamat sy dan dinyatakan gilang tapi tidak ada pertanggungjawapan.,negative
"Jadi males belanja di tokopedia, masa pesanan saya terus terusan di batalkan sistem. Org udah nunggu nunggu tau gitu kan belanja aja sama online shop lain. 🥴",negative
"Akurat, semangat terus",positive
bagus,positive
Very Good,positive
"Udh bgus,Cuma akhir akhir ini Menu investasi reksadana dan emas kl siang hari susah dibuka padahal seblmnya tidak ada masalah. Mohon diperbaiki. Terima kasih 🙏🙏😊",positive
aplikasi tidak berguna tidak ada artinya tidak ada nilai saya benci aplikasi Tokopedia permisi Tokopedia bay bay,negative
good,positive
belanja murah dan mudah.,positive
"narik saldo dari saldo tokopedia ke rekening lamanya setengah mampus, CS nya slow respon malah dimintain foto ktp sama buku tabungan, udah dikasih pun masih lama juga dikirimnya padahal posisi lagi bener² butuh uangnya, tolong perbaiki sistem bobrok ini, lo kan punya database bisa dong dimanfaatin sebaik mungkin jangan malah nyusahin konsumen",negative
"Tokped, tokonya barangnya bagus², hanya pelayanan lunya aja, COD pembatasan itu sgt menyusahkan, apa gabisa tuh lu liat history belanjanya org, klo emg historynya bagus jgn dibatas²i bikin org malas belanja aja lu.. Perbaiki sistemnya biar lebih bagus, biar jgn bikin sy kesel mulu sama lu tokped...",negative
Bagus,positive
Apelikasi ini bisa di hubung oleh teman teman yang màu belanja onlene ya dan juga mau di apelikasi yang lain juga ada saya ini meng informasikan nya,positive
mantap toko pedia sukses selalu,positive
ok bgt tokopediaaaa..........,positive
"Sangat sangat mengecewakan! Dari transaksi pertama pengguna terbaru kecewa berat, diiming iming doang sama voucher, pas transaksi malah dibatalin sistem, jelas"" baru buat akun. Dan lebih kecewanya lagi pengiriman lama banget gak kaya apk orange, kurirnya lemot lemot, padahal udah pilih toko terdekat datengnya 3 harian,apk sebelah aja baru checkout besoknya dateng, malah ada yg sampe 5 hari ga dikirim padahal keterangan udh dikirim ke alamat tujuan, YANG BENER AJA DONG. Kesel banget kurirnya GJ!!",negative
"Penanganan barang hilang sangat lambat! Pengembalian dananya. Sampai sebulan lebih. Oh iya barang hilang tsb sampe sekarang blm direfund yaa saldonya. Padahal paylater saya bayar sampe lunas. Mau g bayar takut ditagih, tapi mau dibayar barangnya juga g sampe ke saya. Semoga bertemu di akhirat sana dengan penanggung jawabnya hehe",negative
mantap men,positive
Bagus bangetttttttttt,positive
Saya kasi bintang 5,positive
"cari barang ga muncul suruh ganti kata kunci, masa ngetik keyboard, mouse, earphone, merk ga ada semua",negative
manyap,positive
mantap,positive
niceeee,positive
Ini ko ga bisa buka detail transaksi sama ga bisa kasih rate bintang? Loading terus,neutral
saldo dana saya di Ambi Tokopedia kurang ajar,negative
aplikasi nya sangat bagus,positive
asyik dapat belanja 0 rupiaah makasih Tokopedia,positive
kga jelas pesanan gw malah di batalin sistem,negative
"Buat tokoedpia sukses selalu,d banyakin voucher nya",positive
Suka sekali beli paket data via Tokopedia banyak promo diskon & cashback nya.Terima kasih Tokopedia 🥰,positive
mntp.betul god job tokopedia,positive
nice,positive
Kenapa skrg diskon ongkirnya pakai anteraja. Paket saya susah sampainya karena tidak ada gerai anteraja di kabupaten saya dan harus nunggu lama. Kembalikan sicepat atau jnt krn jelas pelacakan barangnya,negative
good service,positive
"TIDAK MEMBANTU CUSTOMER,PADAHAL TOKONYA TIDAK MERESPON SAMA SEKALI.",negative
Mantap,positive
hanya login dan cari reward aj,positive
ok,positive
tingkatkan! jgn mw kalah sama Oren!,positive
Okokokok,positive
Kak tolong iklannya dihilanggin aja,positive
"Sekarang tokopedia mahal, casback juga ngga bisa dipakai bersamaan dengan gratis ongkir.nggak kayak dulu. Mending pindah ke si oren casback nya masih ada. Itu penting untuk pedagang seperti saya. Bye bye tokopedia, terima kasih jasa mu selama ini. 👋👋",negative
"Aplikasi eror, loading terlalu lama...",neutral
toko pedia memang mantap,positive
mantab,positive
"Eror meneh eror meneh pan bayar tok be angel,loadinge sue tenan",negative
"Saya kasih bintang satu Krn Krn merasa di bohongin, setelah pesan produk promo u/ akun baru. Di arahkan untuk kasih bintang. Setelah saya kasih bintang 5, pesanan di batalkan sepihak dgn alasan melakukan pelanggaran. Jgn Kya gitu donk, kalo mau sukses jgn nipu org...contoh aplikasi sebelah yang amanah",negative
good job,positive
Bagus,positive
Bagus,positive
menyenangkan,positive
Makin banyak dan sering belanja ongkir makin ga gratis ya hhhaa mana ampe 200k sama sama pulau jawa,negative
"Kemarin barang ilang 2pc,di aplikasi barang sudah di ambil gojek ,terus di cancel..bawa kabur.",negative
Pembelian yang di batalkan oleh sistem dan refund dana tidak di kembalikan saya sudah membaca artikel bahwa pembayaran melalui gopay akan melakukan refund dana setelah 1x24 jam tetapi setelah saya menunggu lebih dari 1x24 jam refund dana masih saja tidak di kembalikan dan saya sudah mencoba memberitahukan masalah ini kepada Tokopedia care tetapi belum ada tanggapan.,negative
bagus,positive
Geh,positive
suka 🤩,positive
Tokokismin,negative
"udah gajelas skrng,dana refund sampe skrng belom juga masuk ke rekening najis nyusahin pelanggan aja kalo begini gaguna",negative
Toko pedia membantu saya,positive
"terbantu dengan promo dan cashback nya, aku suka",positive
Tidak bisa COD?,negative
mending pilih gratis ongkir aja drpd pilih sameday krn percuma aja ga sesuai estimasi sampainya dan gaada ganti rugi ongkos kirim.. mana yg di dpt salah juga barangnya.. amat sangat kecewa sih jd mls belanja disini.. pindah ke oyen aja ..,negative
kenapa ga bisa cod,positive
Promonya mantapp 🎊,positive
bagus bermanfaat,positive
ok,positive
"Jelek, transaksiku dibatalkan",negative
inpo genteng,negative
bagus,positive
tokopedia mantap banget,positive
Aplikasi tokopedia ini bagus sekali,positive
Banyak diskonnya,positive
"Pelayanan exspedisi rekomendasi dari tokopedia akhir akhir ini sering terlambat padahal paket sudah dikirim ke alamat penerima tp malah sampe kesokan hari nya kecewa karena sudah menunggu sampe malam ,exspedisi rekomendasi tidak jelas malah ada yg mandek di gudang selama 3 hari gak jalan jalan setelah di complain baru jalan rekomendasi apa nya bikin nyesek costumer",neutral
Saya edit bintangnya. Pembatalan otomatis terlalu lama. Merugikan pembeli.,negative
mau beli tembakau vape liquid ribet amat skarang .. ga tersedia di android mulu .. kocak,negative
nice app,positive
"BAB 1. Saya mengalami hal yang tidak mengenakan dengan penjual, padahal uang sudah di kirim, tp barang tidak kunjung di proses sampai 4 hari, habis itu saya tanya sama penjual, GX di respon dengan baik, terus saya tanya lagi sama penjual, kapan pesanan akan dikirim, jawabnya besok, setelah saya tunggu sampai 4 hari lagi, barang juga belum dikirim, tiba"" ada pemberitahuan, klo nomer penerima tidak benar, itu yang membuat saya kecewa..",negative
👍,positive
Top dan mantap👍,positive
promonya mantap,positive
is the best,positive
ok,positive
Jooos,positive
layanan baik,positive
Kenapa Tokopedia sulit di donwload di hp a37f,positive
Top,positive
Aplikasi Marketplace Terbaik,positive
"mantul, mantap bgtt",positive
Pitur2 nya cukup praktis dan jelas .,positive
Mantap,positive
"Kepada tokepedia, tolong diurus toko2 yg menjual masker akan tetapi luama prosesnya, sedangkan uang pembayaran telah di transfer, Tentu hal ini sangat merugikan bagi custumer, sudah 2x saya pesan masker akan tetapi luama proses konfirmasi dll, mohon ditindak lanjuti hal tersebut, jika tidak mending saya unistall saja tokeped ini, sangat tidak profresional",negative
Apa updatenya tdk keseringan?kalau boleh 4 bulan sekali saja.!terima kasih,positive
good,positive
Ongkir buat sameday/instant nya sekarang mehong bener,negative
🇪🇭🇲🇨❤️,positive
"Gak kaya dulu masuk klik ini itu enteng tp sekarang berat bener bukanya padahal sinyal kuat,tolong di perbaiki",negative
"Aplikasinya aja jgn trlalu berat di ram... Ksihan yg punya android jadul dan selama saya jd member silver-gold-diamond.. Saya di untungkan oleh fihak tokopedia ,brguna bgt bagi UMKM seperti kami... dan saya tambah ya... selama saya jd member Tokopedia, #mengenai dana refund #pengajuan cancel #pennggatian barang rusak #komplain apapun ttg kendala selama ini.. baik dan saya puas bgt..tp kenapa untuk member baru yg lain kok penilaian rating nya minim semua ya.. Trims tokopedia",positive
Tokopedia buatan anak bangsa inovatif sangat murah & banyak cashback nya,positive
pakai Dana lumayan dapat diskon,positive
bagussss bangetttt.....,positive
okey,positive
bagus,positive
"Balasan pesan template 🤦‍♂️. Buat apa saya hubungin tokopedia care kalau akhirnya saya harus chat penjualnya untuk negosiasi pembatalan !! Saya kritik sistem kalian untuk yang INSTAN. Batas pembatalan otomatis kalian, di sistem INSTAN itu kelamaan. Namanya INSTAN butuh cepat / urgent. Kalau dalam 3-5 jam penjual nggak Konfirmasi Pesanan - dan masih tahap Proses, harusnya sistem udah batalin. Ngapain nunggu konfirmasi di penjual 1 hari, sekalian aja sistem INSTAN hilangin.",negative
👍,positive
Mengecewakan ....slalu diarahkan kurir antaraja yg seenaknya telat kirim barang. Tokopedia tolong jangan kerjasama dgn kurir kaya gini.,negative
mantap,positive
"kenapa punya saya gak bisa gak bisa melihat ulasan barang dan mengulas barang yang saya dah order,kenapa si h hai toped.tuh aku kasih bintang lima.😢",positive
👍👍👍,positive
"Sekarang Tokopedia udah gak seru. Program dilayani Tokopedia udah ongkir nya sama kayak toko lain padahal dulu gak bayar ongkir. main panen telur pun harus belanja 150rb baru bisa dapat cash back, gak 50rb lagi. jadi aku kabur dulu ke yang lain sampai Tokopedia seru balek.",negative
alhamdulillaah gratis ongkir,positive
kecewa sekarang ga bisa gabungin voucher gratong sama cashback,negative
Good,positive
Bagus !,positive
seru banget aku udah mencapai 3 produk pembelian harga rp0 semua,positive
keren promonya,positive
Pokoknya ter terbaekk👍,positive
ok bgt,positive
"Ga bisa pencarian produk , erorr",neutral
oke,positive
"bayar yg ga cod ribet banget, dibatalin Mulu, kecewaaa",negative
BAGUS,positive
keren,positive
mantap,positive
Ini tokopedia makin hari makin parah kurir nya. Dri jam 11lewat kurir instan sampai saat ini barang blm sampai..udh sering kali begitu,negative
"Gratis ongkir, tapi kurirnya terlemot seluruh jagat raya, makasih tokopedia, cukup belanja sekali aja di sini",negative
"apk gaje, ada diskon buat pengguna baru. waktu mau pemilihan pembayaran eror😂, kocak",negative
tolong dibenerin lagi pengirimannya pesen dari dua hari lalu tapi gaada update di proses mulu,negative
Iklan mengganggu,negative
Belanja Happy,positive
"harus hati hati dan teliti saat berbelanja,banyak toko berkedok penipu 😭",negative
selalu bagus layanannya,positive
Lumayan,positive
belanja murah dan cepat,positive
"Update saldo e-toll gagal terus walau sudah 3 hari mencoba, transaksi sudah berhasil uangnya belum masuk ke kartu, 8 tahun pakai tokopedia baru ini saya kecewa",negative
Belanja lebih aman...pesanan batal otomatis...dana kembali penuh mudah dan cepat,positive
Lumayan.,positive
Sangat membantu,positive
chat cs perihal penarikan saldo refund dicuekin bjir,negative
"Tokped notifnya risih banget, sekali liat produk langsung muncul jendela notif berkali kali buat nyuruh checkout,pls lah bukannya tertarik malah sebel bgt bikin layar berantakan",negative
Jelek,negative
Tokopedia menurut saya telah menjadi yang terbaik memberikan diskon ongkir bagi pembeli yg berada di luar pulau Jawa dibanding Shopee dan Lazada.,positive
"Apk jelek,, katanya pengunan baru tapi baru ingin menyambungka dana udah gak bisa katanya tidak memenuhi syarat padahan baru juga,habis itu kepencet pesan barang gak bisa di batalkan lol apk gak guna, kok mau tiktok kerja sama sama ini apk jelek",negative
"Selesai satu kiriman saya, saya akan Uninstall Tokopedia.. walaupun saya member Gold.. penundaan pengiriman terlalu panjang.. pengiriman saya tidak GRATIS ONGKIR Dan Tokopedia SEKARANG TIDAK MENERIMA KLAIM. SAATNYA GANTI TOKO ONLINE",negative
"Tokopedia aneh, saya beli traktiran pengguna baru yang 0 rupiah malah dibatalkan sama sistem , sangat tidak jelas,unistal aja lah",negative
mantab,positive
guuuud,positive
satu dulu deh,negative
"jelek sekali, saya dapat promo 100 rupiah pengguna pertama tapi setelah dibayar terkena cancel sistem, kemudian promo lainnya tidak dapat digunakan katanya melanggar SK, tapi tidak dijelaskan kenapa melanggar dan bagaimana memperbaikinya",negative
excellent,positive
sangat baik dan mudah sekali membeli pelatihan kartu prakerja,positive
👍,positive
keren,positive
no komen g enak apk nya,negative
baik,positive
baru pertama kali gabung ditokped,positive
Ok,positive
Dinikmati saja lah...,positive
"dengan adanya lapak Tokopedia , jadi mudah dan gampang untuk belanja . maju terus Tokopedia",positive
Senang menggunakan tokopedia..,positive
Yoyoieee...,positive
Gara-gara ini.koboh kanru,positive
Ga Jelas banget transaksi dlm Aplikasi ny,negative
Ok,positive
Untuk pengirimannya tolong ditingkatkan masak barang saya udah nyampek di kota tapi blum dikirm nunggu dikomplin baru dikirim kecewa udah melakukan pembelian 3x hasilnya sama aja,negative
untuk pembelian pulsa harga terjangkau pembayaran tidak ribet terimakasih Tokopedia 🤗🤗,positive
masih banyak belajar,positive
"Pake instan kurir, dari jam 10 sampe jam 4 sore pickup dicancel mulu. mantap emg, mohon diperbaiki",negative
terbaik,positive
bagus,positive
"Ada gangguan dirumah toped, terus",positive
Saya sudah merasa tertipu karna saya top up voucher game dan pas mau saya redeem di gogle playstore malah ga bisa saya udah lakuin semua cara dan hasil nya sama saja jadi mohon maaf saya kasih 1bintang saja,negative
"setelah diperbaharui, ekspedisi yg dipilih tokopedia ini menyebalkan. kurir tidak menghubungi saya ketika saya tidak ada di rumah. ekspedisi tersebut namanya SAP express. tolong jangan gunakan kembali SAP express dan JNE. kurirnya gak mau usaha buat menghubungi penerima paket. tampilan jadi simpel. tapi saya lebih nyaman tampilan yg dulu.",positive
Oke bgt,positive
Tikopedia memang hebat,positive
"Saya sebagai pembeli kecewa atas keputusan sepihak dari tokopedia, Meskipun ini aplikasi karya anak bangsa, Kalo mengecewakan, saya tinggalkan, lebih baik belanja di toko sebelah lebih baik,terima kasih banyak 🙏 #unistall 🙏🙏",negative
Kurang suka belanja di sini.....setiap ada keluhan hanya robot yg menjawab... Dan saldo refund kehilangan barang ongkir tidak di kembalikan....asli pembeli rugi double...rugi waktu dan uang,negative
Baik,positive
sangat puas dengan pelayanannya,positive
"Ini saya kasih bintang 1 Jujur nyesel sih , beli barang kecil dapet barang di jakarta tapi ngirimnya lama banget pollll , dan saat notice saya liat barang sudah diantar kurir nama (*****) ke pembeli Kan berarti udah Deket rumah dong , notice dari pagi sampe malem jam 7 lebih belum sampe sampe juga ihhh gimana gak kesel coba , kalo belinya dapat diluar negri sih masih masuk akal ya , soalnya saya pake apk sebelah beli softcase hp aja dari Tiongkok ke rumah saya udah sampe gak ada seminggu",negative
👍,positive
Tokopedia mantab,positive
mantul,positive
update baru ga bisa saya buka. padahal ada yg item yg hrs saya cari buat keperluan. tolong klo bikin update yg ringan dong,negative
Apk Iklannya Maksa Dan Apk Ini Jarang Ada Ongkirnya,neutral
"pembelian perdana di Tokopedia , saya kasih * 5 ya",positive
mantap goto,positive
"Lengkap lah buat usaha online,cm kdg review penarikan dana nya kelamaan",positive
dapet produk gratis,positive
Penarikan saldo terlalu lama dibanding aplikasi sebelah,negative
"menyenangkan belanja di tokped banyak promo, terimakasih semoga berkah",positive
"Hadoooh!!! Ada perintah update Aplikasi tadi kenapa gak bisa di update? Error Mulu. Tolong di perbaiki dong, bakal bintang 5 klo aplikasinya udah normal lagi seperti semula.",negative
suka sekali belanja di tokopedia krn aman ada asuransi jg itu betul buat tenang penjual dan pembeli.,positive
"aplikasi belanja paling aman nyaman dan komplit semuanya barang yg tersedia juga rata"" ori pokonya bathebestttt gaes",positive
Selalu Ada,positive
toped 💞,positive
Aplikasi nya ga bagus banya iklan jadi hp aku rusak,negative
komplit fiturnya,positive
mantap,positive
Gak bisa registrasi aplikasi wuedan cok,negative
top bgt,positive
ok saat ini,positive
"Bagus aplikasinya,tapi sayang tidak bisa bayar ditempat Cod,",positive
mantap bayak voucher gratis,positive
"untuk sementara pakek si oren, si ijo ongkir nya lagi mahal..",negative
nice,positive
"Entah makin benci semenjak kerjasama dengan app bikin melarat anak bangsa ""GOJEK"".. apa - apa an ini biaya jasa aplikasi 2 RIBU RUPIAH, gak malu apa sama kompetitor lainnya yg buatan luar negeri, belum lagi jangka waktu ""Pesanan Dalam Proses"" yang sampe 5 hari manjain seller bgt.. Siap2 angkat kaki Uninstall app ganti Marketplace Lain!!",negative
Vc5aadadac!£+&+&_?++;'ccbb.vxb.v.v...cb ............ Onok,positive
Traktiran pengguna baru punyaku kok gak bisa bisa😑,negative
sangat rekomendet,positive
Lumayan bagus,positive
nice,positive
Okey,positive
Kenapa ya toko pedia sering ngadain diskon dan potongan...kadang sering nya dibatalkan sistem..barusan akun suami pengguna pertama dapet diskon 99 %.tapi dibatalkan sistem...vc Angus sia sia donk...gimana itu ya,negative
"Sering barang tidak lengkap, sulit untuk refund uang",negative
sangat mengecewakan berkali kali pesan keperluan selalu dibatalkan oleh sistem toko pedia,negative
Please min tolong tambahin vitur bayar ditempat dong,negative
Sampah. Ndak profesional. Barang sering telat nyampe,negative
Harga barang nya doang rendah untuk ongkir gak ngotak dah,negative
"Sebenarnya bagus sih tokped tp mulai banyak seller2 nakal yg brstatus power merchant&PM pro..mreka lgsg klik proses tp dr status proses s/d pengirimannya lama atau brang tdk d kirim tnpa pemberitahuan dahulu k konsumen, berharap konsumennya komplain or lupa sehingga dana dr brang yg tdk d kirim tdk kembali k konsumen.",neutral
Terlalu Banyak Iklannya,negative
kalo nyampe barangnya rp 0.sya kasih bintang 5,positive
"Beli saldo emoney gagal tp gak bsa komplain lg, sdh bbrpa kali gagal.. kali ini 500rb..",negative
wahh kereen banyak Diskonnya untuk pengguna baru buruan download,positive
ok,positive
Gratisnya Ongkirnya murah 🥰🥰🥰🥰🥰,positive
"Aplikasi yang baik untuk belanja online dengan kebutuhan sehari-hari, hemat quota internet untuk lihat² barang yang diperlukan dan metode pembayaran yang simple, mudah dipahami.",positive
"Ekspidisi anter aja tolong di perbaiki,lamaa bgt",neutral
Josss nyaman dlm berbelanja,positive
bakar teruss bocernya,positive
Okkkkkmmm,positive
👍,positive
good,positive
Transaksinya cepat,positive
layanan Belanja Online Yg Sangat Lengkap Dgn Pemesanan Hanya Di Rumah Ato Dimana Kita Berada Bisa Langsung Pesan & Beli. Terimakasih,positive
top,positive
Payahh..masa gara² bkin akun dgn nama & alamat yg sama psanan saya dibtalkan sistem & gbsa dpt promo..pdhal akun sblumnya udh dihpus. Bener² cuma punya akun 1 ajah. Gimana mau pake tokped lagi kalo gini . Gak dpt gratis ongkir maupun diskon ya ngpain blanja di tokped lagii coba,negative
Mantaaabb trus,positive
"Sekarang ada tambahan biaya layanan dan biaya jasa,, tadi nya sudah murah barangnya jadi bertambah mahal karena biaya tmbahan..dan potongan jarang",negative
SEKARANG LELET BANGET .. SERING LENGKET... MUNGKIN SAATNYA BERALIH KE APLIKASI MARKET LAINNYA,negative
gk ada ongkir 👍,positive
👍👍,positive
"saya bingung banget sama apk nya kan saya mau beli sendal ando x evos itu nah karna ga ada cod saya top up goPay 40k tuh,nah saya coba CO dan dapet diskon kan 40 ribu jadi bayarnya cukup 33k aja pas saya mau CO itu ada pengiriman gratis saya coba bisa dong nah saya langsung pesan tapi gatau kenapa pesanan saya di batalin ini kenapa ya??",negative
⚠️👍🌟🌟🌟🌟🌟❗🙏.,positive
"Pembatalan otomatis cukup 1x24 jam saja, masa toko online tapi tidak balas chat",negative
bagus,positive
sangat membantu,positive
membantu sejali,positive
ok mantab,positive
Sangat membantu,positive
"Kurir rekomendasi nya pada lamban, memang si gratis tapi lambattttttt",negative
mantep lah,positive
topp pkok nya,positive
Saya kasih Bintang tiga dulu sementara blm ke update resisnya di Tokopedia nya blm update resisnya,neutral
Bagus banget sampe binta satu😂,negative
Tokopedia mantap ....,positive
sangat sangat membantu,positive
Saran dan masukan supaya pelanggan menjadi puas dan senang tolong ditingkatkan lagi kualitas produk dan harganya yg terjangkau juga kalau bisa perbanyak diskon dan gratis ongkirnya makasih,positive
mantap dah blanja di tokopedia,positive
"Mantap, semua wajib cona",positive
terimakasih tokopedia.,positive
mantaap,positive
ok,positive
"mudah segala pembelian jadi tidak harus pergi ke mana"" cukup pencet"" hp saja,barang datang,hebatnya lagi jika gagal transaksi uang kembali...ini yg bikin saya betah dan percaya sama tokopedia",positive
sangat rekomended,positive
sangat baik,positive
Sangat bermanfaat,positive
pengguna baru dapet THR . makasih tokped .,positive
Cs sama seller sama sama bikin putus asa Muter muter aja disitu masalahnya ga dibantuin sama sekali Makasih banget :) Ga bakalan pake tokped lagi habis ini,negative
saya puas menggunakan tokopedia,positive
mantapp,positive
Promo pengguna barunya cuma main2 aja kebanyakan di batalin sistem gak banget deh ah,negative
Dengan tokopedia kebutuhan sehari hari jadi lebih mudah,positive
Ada tulisan cod tp TDK BS dgunakan.promonya jg GK bisa...eroor apliksnya tolol,negative
pelit dalam gratis ongkir,negative
Sangat jelek...,negative
Ok,positive
Sangat membantu,positive
TOPED sangat menarik buat belanja online banyak macamnya tinggal ketik aja kebutuhan kita langsung keluar semua dan mudah ada promo gratis ongkir pokoknya cakep deh 👍👍👍,positive
oookkkkkk,positive
"Kecewa dengan pilihan ekspedisi anteraja ""super lelet """,neutral
"Aplikasi gak jelas.mending paek shoope.no tipu""",negative
live agent customer sudah ditunggu 2 hari belum menjawab juga....,negative
"Bgst, baru pertama.pake udah kecewa. Pake vocer gabisa malah duit di refund anj. Mending shopee deh gw, ga lagi di toko inii mana mahal2 anjrit",negative
"Belanja di tokopedia klo lg banyak diskon enaknya tuh bisa mengurangi harga barangnya, jd lebih murah,, sukak bgt sama tokopediaa, sering2 banyakin promo, diskon ya 👍👍👋",positive
baguss bgt,positive
"Kalo dapet expedisi JNE, barang sangat bisa dipastikan telat, pengiriman lemot parah.",negative
"Tolong untuk exspedisinya di ganti atau di perbaiki,,seringkali lama dan pembatalan pengantaran ke pelanggan pada waktu yg telah di tetapkan",negative
Tolong donx..tokopedia bikin mb nya yg kecil 29mb byar saya masuk order..enak ngk lemot,positive
Aplikasinya bagus sih tapi metode pembayaranya kurang harusnya tambahkan saldo dana soalnya kalo saldo gopay gak punya susah nyari cuanya,positive
Sangat OK 👍,positive
good,positive
Good,positive
mantap,positive
Saya pengguna tokopedia. Dikenakan biaya layanan saya maklumi. Namun kenaikan ongkir yang sangat signifikan membuat kecewa. Mungkin saat nya pindah ke market place lain sepertinya,negative
baguss top,positive
good job,positive
woy ajing,positive
good,positive
mantab bisa bayar pbb dengan mudah,positive
terbaik,positive
Good job,positive
bagus mantap,positive
"Cuma Mau Bilang Klo Sudah tau promonya, tapi gak download nyesel",positive
"Barang hilang! Penyelesaian masalah lama. Tidak tersedia fitur telepon cs. Dana masih belum kembali, sudah dianggap selesai secara sepihak oleh tokped! Ga tau dana saya kembali 100% atau engga. Aplikasi sampah!!!",negative
Sangat Baguss,positive
Alhamdulillah Alhamdulillah belanja online cepat hemat dan kerennnn,positive
mantap,positive
Tempat belanja paling nyaman dan lengkap 👍💖,positive
mantaf,positive
War! War! Tokopedia~,positive
1 doang si yg jlk jarang promo😑👎,neutral
aneh sy liat di comen banyak yg ngasih bintang 1..jadi takut ngegunain nya,positive
"Klo bisa untuk harga ongkir nya jangan mahal biar saya sering belanja. harga barang sama ongkinya, mahalan ongkir nya 😊 wah paraaaaah😁",negative
Tidak berpihak kepada pembeli yang dirugikan. Lebih berpihak kepada penjual yang curang.,negative
"bisa belanja dari rumah, free ongkir, memuaskannnnnnnnnnnn",positive
lumayan bagus,positive
lugas terpercaya,positive
mantab ..so far so good,positive
"Admin tokopedia mengecewakan. Kita belanja di tokopedia Order pertama barang kirim bagus sesuai diskripsi & memuaskan. Maka kita order kedua jumlah lebih banyak lg,tapi barang yg di kirim toko tidak sama dengan yg pertama order. Kita komplain minta kembalikan barang pun tidak di setujui penjual. Padahal penjual melalui chat megakui barang yg di kirm ke dua berbeda dengan yg pertama. Admin tokopedia pun sama sekali tidak membantu pembeli yg di rugikan.",negative
👍bagus,positive
"sudah bagus 👍👍👍,, tapi akan lebih bagus klo ada fitur pembayaran lebih cepat di paylater, jd nggak usah nunggu tanggal",positive
Aplikasi yang bagus dan ga lemot kalau buka aplikasi,positive
Ok,positive
Bagus sekali,positive
mantap,positive
"Tambahin fitur (Terakhir dilihat) lebih banyak list produk, dan histori belanja semua dimunculkan dong biar bisa ketahuan beberapa tahun lalu beli apa saja,",positive
Belanja aman dan banyak bonusnya,positive
okehh,positive
9.nojmmn b n .mmm,positive
Daftar,positive
mantap 😍,positive
mantaapp,positive
kerenlah,positive
Paling males kalo pesen pake kurir ninja expres.selali mengecawakan tolong dong pihak Tokopedia di evaluasi lagi.expedisi yang ga kerjasama dgn baik tolong di putus aja.,neutral
mantap tokopedia semoga lancar,positive
"Gimana sih, kok sekarang udah gak bisa topup dompet Grab Driver lewat Tokopedia.. Haduh.. haduh.. Kan kita segenap Driver bayar juga kalo beli saldo dompet Grab Driver.. Tolong diadakan lagi lah topup dompet Grab Driver. Terima kasih 🙏🏻",positive
Download karena kobo😺,positive
Sangat aneh jelek...masa pesen paket dr jakarta ke bekasi... Di status paket saya di bawa ke bantul dulu.... Hedeuh... Ini sangat merugikan pembeli dan penjual... Banyak waktu terbuang... Pengiriman lama... Eror pantesan pada ogah disini belanja di tokped...mau lacak apk bug mulu ga bisa kebuka di fitur lacak kurir... Padahal ini pake wifi,negative
ok bngt,positive
"Makin update makin jelek tampilan aplikasi ny , ga praktis 🙈 Mohon diperbaikin 🙏",positive
mantap,positive
keren,positive
aplikasi ampas vaucer potong harga pas co di batalkan sistem kocak,negative
"""Kode promo hanya berlaku di aplikasi ios dan android"", lah, terus saya pake apa min??, saya pake andro lohh",negative
nyaman belanja di tokopedia,positive
masih baru pakai tak kasi dua dulu,neutral
Dana saya dibekukan mau direpounkan gak bisa,negative
Kenapa ga bisa di instal muluk sih ampe mo abis kuota ku😡😢,negative
"Aplikasi tololl, pertama daftar dapet diskon 56%, gua beli barang harga 10k Udah gua tf, eh ada notif pembayaran batal, dan mau ada pengembalian dana, tapi mana, duit gua kaga balik², pinter banget nipu nya gila",negative
Kllln ouy belanja di sisni,positive
keren,positive
Suruh update mulu,positive
aplikasi yang sangat lengkap dan amanah barang yang di pesan dengan barang yg datang jaga terus kepercayaan men konsumen⭐⭐⭐⭐⭐,positive
Bagus tapi pengiriman trlalu lama..,positive
👍👍👍,positive
"Sudah lama jadi pengguna Aplikasi ini tapi ko kesini sini jdi jelek Desember 2023 saya beli barang yang gak begitu mahal lah, eh saya Terima malah paket orang lain karna dalam 1 kardus paket ini ada 2 resi, atas nama saya dan org lain, sudha komplen tapi CS nya malah jawabnya random gitu aj tanpa ada solusi apa apa sampai sekarang tidak ada kejelasan",negative
"Sya suka tokped, klw bs banyakin promonya lg jgn kalah sm sebelah",positive
ok banget,positive
mantap,positive
Sangat mengecewakan konsultasi komplain tidak di tanggapi dengan serius di akun suami saya masa akun 2 penguna di kaitkan jdi satu pengguna gk mau dan gk bisa dikonfirmasi samanya dimna. Konyol,negative
terbaik,positive
oke bngt,positive
Maaf tokped lu gak seasik dulu Masa free ongkir gak bisa digabung dengan casback.,negative
terimakasih bagus,positive
"Mantap, saya telah menyelesaikan pelatihan prakerja",positive
Beli pelatihan ditokopedia sangat memuaskan dan mudah😘,positive
mantap,positive
Bagus transaksi nya gampang dan cepat,positive
"Payah, mematikan usaha orang, dikit"" Produk di hapus, toko di moderasi lah",negative
Joran pancing,negative
"Bagus, jgn terlalu sering update aplikasi jika tidak ada perubahan yg signifikan.",positive
Ok,negative
Coba di kembalikan seperti kemarin untuk promo gratis ongkir atau cashback GK harus belanja senilai 150.000.tapi kembalikan 50.000,neutral
"Barang yg dikirim lambat progres nya.walau bukan salah tokopedia,tapi kan pengiriman (sicepat) itu di rekomendasikan oleh aplikasi toped.saya tinggal di medan,saya lacak barang tiba di ""Medan sortation transit""tgl 22.tapi sampai tgl 25 itu barang belum bergerak jg.Masih lebih baik ""sh**pee"" biasanya hari ini barang nyampe medan,besok nya pasti sudah sampai kerumah.",neutral
"Cuma beli lakban tanpa vcr tanpa apapun aja di batalkan,, ra cetho toped",negative
"Up dateeee muluu,",positive
bagus,positive
"Aplikasi sudah bagus. Barang 2 hari udah sampai, tidak ada kendala sma sekali. Banyak diskon dan bisa bebas ongkir....",positive
nice,positive
engga rugi belanja di sini,positive
"Mohon kurir si cepat ga usah dipakai lagi pak, karna sangat lama sampai tujuan. Dari tgl 23 pesan- sampai tgl 31 belum sampai juga. Lebih seminggu belum sampai. Mohon pertimbangannya. Auto pindah ke toko oren",negative
bagus n bnyk promonya smg pelayanannya...dbtingkatkan lgi..terimakasih,positive
mantapp tokped,positive
Kita beri 4 star dlu...,positive
"tampilan aplikasinya simpel jadi enak dilihat, fitur lengkap, dan masih banyak lagi cmn bingung aja mau tulis apa 😂",positive
Sering banget suruh update 🤦‍♀️🤦‍♀️,neutral
makin keren,positive
"Sy pelanggan plus, pengiriman selalu cepat, apalagi untuk dalam kota. Udah mah gratis ongkir, cepet pula. Tp ada aja toko yg lelet. Proses pesanan lamanyaaaaa... Dan pengiriman jg lama. Apa gada sanksi ke seller kalo pelayanan ke pelanggan plus terlambat?",positive
"Aneh .. Tiba"" Pesanan di batalkan mercant .. Pdhal saya tidak pernah melakukan kesalahan tapi tiba"" Di batalkan.. Sudah berbulan"" Transaksi air pln belanja tapi untuk bulan ini tidak bisa buat transaksi.. Selamat tinggal tokped",negative
"untuk penarikan saldo anak yang belum punya ktp ,dan uangnya gak bisa diambil dan ditarik tanpa ktp",positive
gooddiee,positive
"Sudah terinstall dan juga update yg versi terbaru ,tapi muncul cuma sebentar lalu hilang lagi, begitu seterusnya ,sudah di bersihkan dan kosongkan ruang ,tetap saja tidak jalan.....kalau seperti ini terus nanti ke aplikasi belanja online yg lain gan ...",neutral
Semoga tidak mempersulit bagi yang mau pinjem dan yang mau blnja,positive
mantap,positive
mantab,positive
"Kecewaaa bgt tolong Tokopedia diperbaiki sistemnya. Pesanan saya 2 kali dibatalkan sistem karena menggunakan voucher potongan 30rb dan voucher pengguna baru padahal sudah menggunakan akun alamat dan hp yang berbeda. Kalo memang gamau kasih voucher 30rb tolong gausah dimunculkan, setelah tanya cs tidak dapat solusi malah menyalahkan customer",negative
Top,positive
bagus banget lebih cepet lagi transaksi apapun terimakasih tokopedia,positive
"Coba 4bintang dl,Krn br nyoba pake aplikasi ini",positive
Makin gak jelas menu pembayaran loading terus sampai 1 hari gak kebuka,negative
sangat baik,positive
"Dibanding toko on line yg lain Tokopedia masih okelah, mungkin admin lebih selektif dalam perijinan buka toko di Tokopedia, ini demi kepercayaan konsumen....",positive
Bagus,positive
ia the bestt,positive
Baru coba,positive
transaksi lancar,positive
aplikasi belanja online paling nyebelin ko bisa paket gua beberapa kali ga dateng entah itu yang cash on delivery atau yang bank transfer juga sering banget ga nyampe. emang harga nya ga seberapa tapi ini udah keseringan. komplen di sosial media bahkan komplen di Tokopedia nya pun ga ada tindak lanjut bener bener buruk. beda sama shopee lazada cepet tanggap. buat kalian yg baru mau download mending kata gue jangan soalnya ini si ijo buruk banget anti kritik udah beberapa kali gue komplen.,negative
Sangat baik,positive
"Smnjak kenaikan biaya layanan menjadi total 3rb rupiah dan diskon berkurang atau susah di dapat sya berpindah ke merchant lambang orange di sna hrga lyanan msih lbih murah grtis ongkir jga d subsidi lbih besar bila mnggunakan trucking, dan diskon lbih bnyk d dpt pdahal sudah akun platinum, semoga tokped kembali sprti dlu tnpa ada biaya layanan dll, serta diskon bsa d gunakan kmbli gabung dgn grtis ongkir ane mau blik lgi bnja d tokped, maaf bintang ane turunin ya!",negative
tokopedia emng top,positive
Mantap deh,positive
makasi toko pedia,positive
"sangat bagus baik, tingkat kan lg diskon,",positive
"online Shop paling buruk yang pernah sy pake belanja online 10 tahun lebih baru d tokopedia doang, uang gk kembali barang gak sampai, tiba2 selesai tokopedia buruk jangan mau belanja di olshop ini",negative
Alhamdulillah...sekarang lebih nyaman dan pilihan pembayarannya ga lelet lagi. Terima kasih tokped,positive
"Tokopedia makin lama makin Aneh pelayananya sekarang Tambah Buruk, saya membeli barang berupa sepatu dengan kurir rekomendasinya tapi paketnya Malah hilang entah kemana, saya kecewa lalu minta refund dan prosesnya Menunggu Dokumend dari Kurir udh hampir 1 bulan belum dikembalikan jadinya double kesal Pengalaman Terburuk yg pernah saya alami di Tokopedia ini",negative
"Aplikasinya sudah bagus hanya saja untuk metode pembayarannya di tambahkan lagi ke doku wallet, shopee pay, flip, aladin, line bank, bank jago, aladin. Agar para konsumen lebih mudah menggunakan metode pembayarannya. Terimakasih.",positive
pasti ada free ongkir yaaay,positive
Mks pelayanan yang,positive
good,positive
Untuk masuk ke Tokopedia ruwet sekali ber-tele²,negative
baik sekali,positive
sukses buat Tokopedia.. mantap,positive
pilihan yg komplit proses belanja yg mudah banyak gratis ongkit,positive
sangat membantu,positive
"Tolong selektf dalam memilih layanan kurir rekomendasi nya ,Masih ada kurir yang menimbun pesanan orang,ga mau di antarkan sampai alamat tujuan,parah ok !!!",negative
",,aq",positive
Mantap,positive
bagus,positive
Mantap,positive
jozz,positive
bagus sekali,positive
oke,positive
ok,positive
"pesanan selalu dibatalkan sistem, padahal udah dibayar.",negative
Saya mau mengkritisi kebijakan awal agustus inu yg mungkin bisa beresiko membuat pelanggan tokped kabur 1. Mohon dicek kembali peraturan voucher gratis ongkir 20rb 2. Hilangnya salah satu favorit kami sekeluarga diskon 10rb dari permainan telur 3. Munculnya biaya tambahan 1000rupiah 4. Jasa ekspedisi yg tidak kompeten dan selalu meleset dari estimasi dan di luar kebiasaan lama pengirimannya. Mohon poin2 tersebut ditinjau kembali demi kelangsungan bisnis tokped. Terimakasih,negative
terjamin,positive
Gooddd,positive
CS nya bot ga bisa kasih solusi ke pembeli..masih sama aja ga ada perbaikan sistem kerja nya.. The Best..👍🏻,negative
👍,positive
👍🏻👍🏻👍🏻👍🏻👍🏻,positive
proses sngt mudah dan membantu sekali utk keperluan thks Tokopedia smoga sukses selalu dan amanah utk pelanggan,positive
Good,positive
"Aplikasinya bagus,barangnya bagus cuma kekurangannya pembelian lama diproses kirim oleh seller hingga pesanan batal dsn dibatalkan,jadi males belanja disini beda dg OLSHOP sebelah begitu pesan langsung dikemas dan segera dikirim.",neutral
"Lama prosesnya dr tokopedia Kurir bermasalah pasti ada aja barang gak sampai tujuan, info nya sudah diterima yang bersangkutan barang kagak ada tindakan dr Tokopedia lambat (kurir yang masalah jangan di pakai)",negative
Bagus aku bisa pesen apa aja,positive
Om,positive
semoga bisa banyak membantu :),positive
"Aplikasi kocak, pertama kali transaksi malah dibatalkan sistem dengan alasan melanggar s&k padahal cuma pake promo dari aplikasi nya langsung, dan promonya malah GK bisa di pake dengan alasan hanya untuk transaksi pertama, dan transaksi yang gagal tadi di masukkan ke transaksi pertama, Hadehh",negative
bagus,positive
mantull,positive
i like,positive
Mantul,positive
"kecewa proses pembatalan pesanan jadi susah, cekout barang pengiriman instan jam 09.00 penjual langsung di proses tetapi barang tidak dikirim2 sampai tenggang waktu 21.00 tgl 24, setelah lewat bukannya otomatis batal malah mundur ke 21.00 tgl 25. pesanan di proses tetapi di chat tidak direspon 🤬😡",negative
"Mulai ga suka sama tokopedia, skrng vouchernya diskon/cashback dan vchr freeong ga bisa dpake secara bersamaan !! Skrng malah sering hapus vcher secara sepihak setelah dibayar, dengan alasan terdetect, jd seolah² kyk ngeprank! Siap² aja ditinggalin sama toppers",negative
udah lebih baik,positive
pengiriman gk jelas udah sampai dikota sendiri malah balik ke kota sidoarjo trus madiun.,negative
"kl rekomendasi ekspedisi tuu yg bener, ekspedisi ID ekspress lo rekomendasi kan., paket gue udeh 5 hari ga smp² padahal sesama Jakarta, lo lihat di fp FB nye. banyak customer yg kecewa.",negative
coba pertama kali belanja di toko pedia pakai gopay. promonya ada cash back. baru nyoba. kalau beneran ada cash back seru lebih hemat😁🥳,positive
"mantap,, pengguna baru geratis ongkir",positive
Memuaskan,positive
Mantap gan....,positive
bagus terpercaya,positive
apknya berat. setiap masuk ke Tokopedia loading terus. parah,negative
pokoke ManTuL 👍,positive
tokonya di chat ready giliran pesan GX di proses ditungguin 2hr eh di batalin.,negative
Waahhhh keren,positive
Susah banget proses pembatalan...toko di sms nga di balas di proses kagak...pebatalan nunggu penjual...yg salah penjual kita yg harus nunggu lm...jd nyangkut dana,negative
josss,positive
Jangan belanja di sini.mereka admin di pusat revolusi kerja sama dengan toko2 penipu.barang yg rusak ngak bisa di retur trus uang kita mereka ambil.parah belanja di topedia,negative
mantap,positive
Admin nya nambah. Cashback nya hilang. Ahh byk lagi. Gak kek dulu. One star ya,negative
Siip pokok e,positive
bagus,positive
"Gratis ongkirnya jangan pakai sicepat dong, parah leletnya, sicepat suruh ganti nama aja jd silelet. Sy gk ada masalah sm tokopedianya, aplikasi e-commers paling baik menerut sy.",positive
belanja lebih mudah dan hemat banyak promo dan diskon belanja terimakasih,positive
nice,positive
"Blm pake gratis ongkir 20rb tp dianggap sudah pake padahal dalam akun tertera kuotanya masih. Tanya ke admin malah kayak ngobrol sama tembok, jawaban jawaban konyol yg saya dapet. Dua perusahaan besar gabung bukannya tambah bagus malah tambah rusak apalagi CSnya yg kayak SDM RENDAH. Klo mau maju, buang semua CS skrg, ganti dan tingkatkan kualifikasi penerimaannya, misal minimal S2 biar lebih ngotak",negative
Marak kasus penipuan,negative
bagggusss masseehhh,positive
Keren,positive
thanks sirr,positive
"Makin mahal aja adminnya nih si ijo... Gila sampe 6,5% Saya sampe tutup toko drpd harus naikin harga ke konsumen...",negative
Sudah2 gampang,positive
Kenapa aplikasinya susah sibuka yah?,positive
Gabisa mengajukan kredit pdhal udh berkali kali tetep aja bintang satu dlu klo udh bisa lagi ku ksh bintang 5,negative
"Hahah pembayaran yang ribet gak kayak shopeee , membingungkannn",negative
Sangat membantu sekaliiiii. Semua ada disini. Sayqng masih kuràng lengkap. Lebih dilengkapi lg donk,positive
aplikasi mantap,positive
Sangat membantu kami dalam mencari barang untuk dunia usaha,positive
nice,positive
mantap 👍🏻,positive
Menyenangkan,positive
the best toped selalu memuaskan pelanggan,positive
the best pokoknya,positive
Yo😝,positive
Semua Bagus,positive
Saya suka tokopedia karena gk ribet beda kayak shopee🤗😁,positive
"Pengirima lama dan sering tertunda, apalagi pake anter aja, worst sih, tidak di sarankan untuk pake anter aja, komplain harus nunggu 3 hari, mohon perbaiki operasional nya",negative
aman dan cepat transaksinya,positive
luar biasa,positive
Toko pedia mantap,positive
good job easy user,positive
baik,positive
menjual segala barang mantap,positive
Tokopedia sangat membantu saya dalam berjualan..simple pengguanaanya ga ribet. Trima kasih tokopedia. Sukses terus.,positive
"Sistemnya kaku dan aturannya ga jelas, ketika transaksi menggunakan paylater, tiba-tiba gratis ongkir, voucher cashback, bahkan paylaternya sendiri ditolak sistem dengan alasan pelanggaran ""fraud dan memanfaatkan keuntungan"", padahal belanja pake akun sendiri dan belanja di toko orang lain.",negative
suka sekali belanja disini,positive
"Komplain barang tidak sesuai tapi tak di jawab oleh kastamer servis nya,di chat tidak ada jawaban bagaimana mau kasih solusi tidak menghargai orang,pusat bantuan juga sama aja,mau upload foto komplain aja ga bisa padahal format nya kecil",negative
Maksudnya apa coba min free ongkir gabisa disatukan dengan promo lain hadeuhhh,negative
"Setiap ada kendala komplain tidak pernah cepat mengatasi masalah, bahkan sampai gojek pun tlp saya menanyakan di mana lokasi seller yg sebenarnya, not good",positive
sangat bagus dan banyak pelatihan prakerja yang sangat bagus,positive
Saya sudah membeli,positive
belanja ditokopedia banyak promonya,positive
mantap 👍👍👍,positive
ay lop tokped,positive
Sangat baik,positive
bagus,positive
Biaya aplikasi jadi 2k,negative
barokalloh,positive
"pembelian nomor satu,mungkin agak sedikit kecewa,dan seterusnya ada perbaikan di aplikasi ini. terimakasih tokopedia",positive
belanja mudah,positive
"Mentang2 sudah kerjasama dgn gopay later, fitur bri ceria dipersulit",negative
Serius Tokopedia ga ada diskon nih? dari kemarin gratis ongkir mulu hadeh,negative
Mau coba dlu,neutral
Susah banget dibukanya laporan dan aplikasinya,neutral
Kecewa banget gk bisa ngubah metode pembayaran padahal jaringan bagus kayak yg berat banget apk nya,negative
good,positive
Semakin kesini semakin lama proses barang sampai. Karena memasukan vendor pengiriman barang yg sangat lambat,negative
mantap,positive
sangat membantu sekali,positive
mantap,positive
"update terus , sampai bosen",neutral
Bagus bgt,positive
Terimakasih Tokopedia Sangat membantu dan bermanfaat,positive
MANTAP,positive
Trimakasih Tokopedia,positive
good,positive
download baru langsung dikasi hadiah otak-otak dua bungkus 🤩🤩🤩🤩,positive
aplikasi bagus bgd 🥰🥰🥰🚓,positive
Tailah,positive
Mesin paket nggak bisa cod beda kayak di shopee COD cek dulu ongkir yang mahal banget kurirnya,positive
Bagus,positive
🤗🤗🤗 sangat membantu 🙏🙏,positive
suka banget,positive
"Kasih bintang 3 dulu, soalnya masih tokped masih belum menertibkan para mitra toko-toko yang masih sering menampilkan judul dan foto tidak sesuai ekspektasi dan masih banyak terjadi komplain komentar dan ulasan... Semoga kedepan Tokopedia lebih baik dan terus dipercaya oleh pengguna..",neutral
alhamdulilah dapet gratisan,positive
"Kenapa paket saya ada laporan bahwa sya menolak bayar paket padahal paket saya tunggu"" belum ketmu kurir nya tp ko laporan tidak mau bayar pesanan anehh",negative
Oke,positive
bagus,positive
Kenapa diakun saya tidak bisa menggunakan pemilihan pembayaran lewat briva?,negative
Apk apa ini,positive
"hemat bgt transaksi ditokped , rekomendasi bgt",positive
ok,positive
Sya pengguna baru tpi setiap pesan kok di batalkan mulu mending hapus aja apk nyya,negative
Sya tdk suka selalu muncul iklan di hp saya mohon dihilangkan,negative
mantap is the best,positive
"Ini karena jaringan atau karena Smartphone ya? Saya sudah ganti smartphone 2 kali dan ganti provider dua kali, tetap saja terasa berat untuk tampilannya.. semoga saja Tokopedia bisa membuat interface dari tampilan antarmukanya cepat ringan dan support dengan tampilan dark mode!",positive
"Kesulitan untuk mencari produk heets atau yang berbau tembakau, padahal saya sudah verifikasi menggunakan ktp. Yang mana menandakan kalo saya sudah boleh bahkan berhak mencari produk tersebut. Jangan alasan andorid, saya tidak bisa mencari produk tersebut. Seharusnya pengembang anda bisa membedakan mana user yang masih dibawah umur atau tidak..",negative
Bosen susah channel,positive
Sangat membantubterimakasih tokopedia,positive
Keren,positive
good,positive
"Mantap,sangat membantu,dan bermanfaat",positive
30/11/23 Jujur aja sebenarnya apk ini bisa di pake gak si masak pembayaran Ampe 2 jam gak selesai masih muter aja,negative
"Thx, sudah membantu",positive
"Ngasi Free ongkir dalam kota yang sama sulit ga seperti dulu, semoga keluhan buyer pada di baca. jangan sampai buyer beralih ke apk sebelah yang free ongkir dan bahkan harganya lebih murah"" Kesel bgt gua Ama toko yang ngirim barang kurang"" dah gitu ga direspon! Di apk sebelah nyampein keluhan langsung ditanggepin, heran gua! Mantap tokoped Semoga bisa lebih baik lagi, entar kalo udah bagus gua tambahin bintang nya",negative
Terlalu lebay banyak transaksi di batalkan cuma karna ga memenuhi syarat dan ketentuan,neutral
Orderan dibatalkan oleh sistem padahal produk yang ditawarkan tokoh sudah valid dan promo yang digunakan juga sudah tersematkan sampai proses pembayaran. Satu lagi promo produk seperti gula dan minyak goreng seharga rp1.000 per liter setelah di checkout ongkos kirimnya lebih mahal daripada harga produk di pasaran. Dan yang lebih parahnya tidak ada gratis ongkir untuk produk yang sudah disematkan promo rp1.000. Dengan kata lain program promo itu gagal.,negative
Toko Online Terpayah & Paling Lambat Dalam pengiriman maupun respon keluhan kostumer...tidak seperti dulu .,negative
Mantapppp,positive
sudah mengundang teman giliran teman mau pakai promo terus dibatalkan oleh sistem.. buat apa ada promo kalo ga bisa dipake.. jancook udah 5 undangan semuanya dibatalkan,negative
good,positive
Mantap,positive
mantap,positive
"nggk salaah apaa"""", bayar pake gopay jugaa di awall,, malahh dibatalkan sistemm alesanny dugaan manipulasi transaksi 😪😪😪",negative
bagus semoga tidak sering eror kyk aplikasi sebelah,positive
mantap,positive
prettt,neutral
okelah,positive
mantab. makin bnyak diskonnya,positive
no coment,positive
aku senang dapat diskon,positive
pengiriman cepat dan tepat waktu dan pembayaran mudah,positive
mantapnya Full.,positive
untuk withdraw kusus bukan ke rek bank tolong di percepat lagi masa harus menunggu 3hari apalagi klo orang lagi butuh banget,negative
Ok mantaab,positive
mantap,positive
keren x tokopedia,positive
biaya layanan nambah jadi 2000 tapi ya pelayanan masih sama² saja,negative
bagus dan murah,positive
Tolong dipermudahkan,positive
bagus,positive
"selalu melakukan pembatalan sepihak oleh sistem, voucher menjadi sia sia",negative
Tidak bisa di cod,negative
Tokopedia mantap,positive
makasih,positive
Best apps 😍🔝😍🔝😍,positive
baik,positive
saya gak pesen apa tapi di bayar otomatis 101 ribu kan aneh kembalikan saldo dana saya,negative
Aplikasinya bagus saya kasi 2 bintang,negative
Dimana menu Pluang tabung Emas? Sepertinya hilang di menu!,negative
makasih tokopedia,positive
mantap,positive
"mantapssss gan,,, lanjutkann!!!!",positive
mantep,positive
Selalu berlangganan n selalu percaya juga puass dngn aplikasi ini recommended bngettt,positive
sukses selalu toko pedia,positive
Tolong Hapus aja kerja sama sama sicepat karena sudah merugikan pelanggan,negative
"Saya mau mengajukan komplain, saat saya klik tombol ""ajukan komplain"" malah tertolak. Gak ada solusi dari CS Tokopedia. Gak ada solusi dr penjual juga. Bagaimana ini?",negative
Kadang kecewa karena sering dibatalkan oleh sistem.,negative
Aplikasi ini bagus,negative
jelek banget komplain dr pembeli gaditangani dengan sesuai!!!!!!,negative
"Baru download, trs blanja pke voucher, tiba2 dibatalin oleh sistem tokopedia, langsung saja hapus apk..trma kasih",negative
mantap,positive
"Belanja hemat,ga ribet,jozz,.",positive
banyak diskon,positive
Tokopedia sangat dan amat membantu hidup saya 🤣🤣🤣🤣🤣,positive
mesti tiap paket sudah dateng nggak ada notif dan keburu diambil orang lain,neutral
weleh weleh tokped mulai memeras konsumen scra ga langsung dgn pemberlakuan biaya jasa aplikasi; biaya layanan; dan biaya asuransi..bye bye blnja d tokopedia klo gt..,negative
Sangat bagus,positive
Mau satj barang saja ribet amat kesana kemari pasang code setelah pasang code kadaluwarsa ribet full,negative
kereeeennn,positive
Bagus,positive
semoga amanah,positive
Efisien untuk antar2 barang,positive
bayar pakai pulsa emang gk bisa ya?,negative
Mantap,positive
Good,positive
Tokopedia sangat memudahkan kita dlm berbelanja...mksh tokopedia..,positive
tokopedia mantap👍👍,positive
mantap,positive
Proses ok..proses refund juga ok.. Admin tokopedia juga responnya cepat. Pokoknya bagus.... Jaga dan tingkatkan lagi ya.terima kasih tokopedia Maaf turun bintang ya... Semenjak sama si ijo goxxx ongkir jd naik .. Ad biaya ap jg..,neutral
Ngeri beli iPhone di kasih batu,negative
mantap,positive
mantul,positive
"Saya tidak bisa masuk/login dg no.hp,lupa kata sandi mau ganti dsuruh pilih metode verifikasi tp metodenya tdk muncul eror trus..gimana mau masuk tlong bantuannya",negative
ennak tenang....,positive
"mudah ternyata, dan mudahan berhasil sampai terima pesanan",positive
enak,positive
"aplikasi yg sangat membantu bagi yg suka shoping, apalgi kalo dapet diskon, terima kasih",positive
"Tolong blacklist lah ekspedisi antaraja ekonomi sama sicepat halu. Paket gak aman, pengiriman lambat. Lama lama males belanja di tokped.",negative
Paling baguss,positive
"Kenapa harga yg tertera di aplikasi sama di paket beda yaa??? Tolong kelaskan, ini kesalahn dari pihak toko atau aplikasi...",negative
Sukuses slualu,positive
Sistem COD tidak bisa digunakan??,positive
tokopedia top online shop,positive
"nyesal install Tokopedia, reseller tidak amanah, CS nya sellow respon, ada aja alasan, demo lah apalah, demongak ada di ada adain, cuaca bagus di bilang cuaca buruk,",negative
Toped Memang The Best,positive
Banyak promo tapi memory besar juga sieh,positive
Dari pertama gw tau toko online cuman tokopedia yg kalo mau barang cpet² datang/nyampe hrus nabung dulu 😂🤣 masuk link tokopediacare atau mainapk malah error. Eh ini udah live chat juga malah kaga ada solusi malah suruh nabung dulu klo mau cpet nyampe barang padahal udah lewat dari estimasi 😂🤣 lucu sekali klo bisa korom ulasan sama foto gw kirim foto chatan nya 😂🤣,negative
kasih bintang banyak biar aku bsa gratis ongkir trus blnja 0,positive
Akses sulit,negative
baik,positive
mantab good,positive
"ISINYA MAFIA ,BARANG GA SESUAI UDAH KOMPLAIN MALAH MIHAK KE SELLER ,PADAHAL TRANSAKSI GA SEDIKIT ,SEMOGA GULUNG TIKAR KAU",negative
murah murah dan dijamin,positive
enak praktis,positive
"Menurut saya toko online paling top, ya tokopedia❤️❤️❤️",positive
Mantap,positive
Nyoba aja.. Klo ga COD g mau,positive
Udah TF malah di refund.. uang GK dibalikin apk apaan .....,negative
Buruk,negative
Saran aja buat toped. Kalau gak berani promo seperti shoppe dan lazada. Uda jangan pakai iklan promo besar besar. Kalau Uda mau bangkrut uda jual aja saham bos. Malu malu in aja,negative
Siapa yg pas check out promonya tiba tiba ilang wkwkwkwkwk i love tokped 😂,negative
Cukup memuaskan!!,positive
GILAAA TOKPED PROMONYAAA,positive
beralih ke tokped banyak untung,positive
Ikelan lu ngeganggu,negative
ok,positive
sangat terpercaya,positive
Aplikasinya bagus banget,positive
Ngga bisa ngirim gambar di chat,negative
UI sudah bagus dan bnyk voucer yang menarik👍🏻,positive
"dpt diskon tapi dibatalkan sepihak or promo ,,.alasan lain krn gampang mudah n pbayaranya mudah tp sudah kesel.krn belNja sepihak.",negative
ada bonus pertama lagi.,positive
Jelekkk,negative
"Lambat pelayanan custumer carenya,,, barang gua ga sampe",negative
mantep bgt banyak promo nya,positive
bagus banget,positive
Kurir rekomendasi sicepat payah banget status pengiriman barang tidak ada update selama 4 hari pengiriman dan barang tidak ada kejelasan lebih lanjutnya.,negative
free ongkir + dapet diskon. belanja makin murah,positive
pelayanan yg tepat dan selalu pas dan cepat,positive
KENAPA GA BISA DANA,neutral
"Khusus pengguna baru 0 rupiah jgn di PHP in, Krn dr awal sudah ke detect, padahal SIM baru hp baru email baru.. alamat meskipun sama.. pengguna baru itu sprti apa.. agak bingung dengan sistemnya yg 0 rupiah pengguna baru",negative
bagus banget lop lop,positive
Mantap sangat membntu,positive
Mantap aplikasih tokopedia,positive
"SUMPAH KESEL BANGET ,UDAH BAYAR KE INDO MART MALAH DIBATALKAN OLEH PIHAK TOKOPEDIA ,UANGNYA PAS MAU DI AMBIL DI INDOMART KATANYA GK BISA , SAYA HARUS LAPOR DULU KE TOKO PEDIA ,SULIT SEKALI ,KEMBALIKAN UANG SAYA BOSSS",negative
mudah2an membantu,positive
Belanja semakin asyik dengan Tokopedia. Mudah dan tidak pakai ribet. The best laaaah..,positive
"Enak nya di report rame rame nih biar di banned dari PS.. beli barang disini pas promo ga bisa COD bisa lewat VA , pas dah di bayar tiba2 langsung di Cancel oleh Sistem ,HADDDEH.. uninstal",negative
mantappp,positive
baik,positive
"Aplikasi eror ga guna, mau Checkout aja gabisa malah eror, kocak",negative
Ir,negative
ok ok sip,positive
blatung,positive
"Tolong bekukan akun dan toko yang menjual barang bajakan. Laksana hama pada tumbuhan, mereka ini merusak komunitas. Apakah anda mau kehilangan produsen barang yang diminati banyak orang ? Hanya karena si produsen asli dan resmi sudah capek dengan kelakuan para pembajak itu ? Bukankah itu kerugian ?",negative
jujur saya mau nanya apk tokopedia itu cara pembayaran nya cuma pake gopay kah ? sumpah aku dulu pernah download pusing barang gak komplit pas nyobain co harus pake gopay trus download gopay eh ko nyatu sama apk Gojek makin gak ngerti sumpah. udah lah aku hapus lagi kan sambil mikir 1000x orang yg co barang dari tokped dari belahan bumi mana 🤔,negative
mantap,positive
Tokopedia sangat keren dalam layanan nya,positive
Banyak iklan,negative
bagus,positive
semoga tetap amanah,positive
Maaf Aku kurangin Bintang nya.... Karna... Sebelumnya pakai gratis ongkir normal bisa digabung dengan cashback.... Dan setelah saya upgrade ke plus.... Ternyata banyak cashback yang tidak bisa di gabung dengan metode pengiriman plus.... Saya seperti menyesal sudah upgrade ke plus jadinya...langganan plus menjadi sia2 jika gak ada cashback. ... 1 minggu sudah dan masih tetap,negative
Memuaskan,positive
Terbaik,positive
pembayaran lewat debit cukup mudah,positive
mantaaap,positive
"Malah jadi jelek , Belanja 50k ga otomatis grating ongkir syang vocer cb jd mubazir . Auto turunin bintaang !",negative
mantap,positive
sangat baik,positive
Mantap,positive
"Pelayanannya sebenernya cukup bagus, tapi setiap oder barang selalu lama bgt dateng, iya tau pake gratis ongkir. Tapi kan dulu itu gratis ongkir paling lama 2 hari doang,sekarang ini bisa 6 hari nggak ngerti lagi, padahal deket kok cuma 3 jam doang kalo di anter naik motor. Sudah gitu ongkir cuma di tangung cuma 20 rb ,promo juga dikit, kalo di banding toko sebelah. Padahal dulu awal milih pake Tokopedia karena simpel dan sering gratis ongkir. Kayanya sudah waktunya pindah toko sebelah aja deh.",negative
Mantap sangat membantu,positive
toko pedia mantaap blnja Rp 0,positive
al bariu,positive
Masa beli iphone di kasih batu wkwk,negative
👍👍👍👍👍,positive
Makasihhhh.. Suka deh belanjan di tokpeddd,positive
Mantap,positive
bagusss semoga jadi aplkkasi terpercaya untuk saya berbelanja online,positive
sangat baik,positive
banyakin promo terimakasih tokped,positive
Saldo saya tertahan.. respon Pusban gak direspon. Penipuan ya... Pusban aja gak direspon,negative
top,positive
Bayar listrik sama beli tiket d sini pke promo cashback tapi giliran udh bayar gak masuk cashbacknya. Alasanya terjadi manipulasi. Kocak bgt serius tokped. Kalo gak niat ngasih promo ya gak usah d cantumin lah! Bikin customer kecewa aja. Iming2 cashback taunya zonk!!!,negative
Good aplication,positive
Bagus,positive
makasih,positive
Mantapoo...makasihhh kaka,positive
Pembayaran pake kredivo ko di hilangkan sih yah ga seru,negative
Mohon ditinjau kerjasama dengan kurir Anter aja...barang saya tertukar...sampai sekarang tdk ada kejelasan...bahaya banget klo barang sampe ilang...ati2 belanja di tokopedia jangan tergiur program gratis ongkir...kurirnya kacau,negative
wow,positive
Sementara sy kasih 4* dulu y. Nyar ay tambah lg. Belanja di toped Banyak gratis ongkirnya. Bila perlu selama 1 bulan full belanja min.10 rb. Gratis ongkir nya..,positive
"Kata iklan ditv ada traktiran pengguna baru,tpi pas berhasil bayar malah dibatalkan oleh toko pedia nya.berarti cuma boong doang",negative
Josssh,positive
berkah Ramadhan,positive
cepat gercep,positive
bnyk promo,positive
"Sumpah ini e-commerse paling ngeselin, udah dibayar tapi di batalkan oleh sistem HUHHH!!!",negative
ok,positive
Good,positive
"Sangat membantu dalam membeli yg dibutuhkan, maju terus Tokopedia.",positive
cepat dan sip..,positive
Coba rekomendasi kurir nya hapus JNE ga pernah bener tiap ngirim ke rumah padahal alamat udah lengkap di kasih titik alamat leeat WA si kurir nya tetep aja ga ketemu kurir nya males nyari klo JNE udh jelek d kota saya kecewa sma kurir dan tokopedia saya,negative
Iklan Spam,negative
Terimakasih banyak,positive
mantap,positive
Terimakasih Tokopedia sudah membantu pelatihan prakerja 🙏🙏,positive
👍👍👍,positive
terimakasih Tokopedia maju terus mantap🤩🥰 bismillah semoga dapet kupon diskon min hehe boleh gk berapa aja deh boleh,positive
Uuuuuuu jelek,negative
Tidak suka saldo gabisa ditarikk buruk sekaliiiiiii,negative
"Awalnya saya pikir Tokopedia adalah satu²nya Online Shop yg terpecaya dimuka bumi indonesia ini, ternyata pelayanannya sungguh sangat-sangat buruk dan system yang dibuat juga oleh orang² pintar namun memiliki kebodohan yang sangat hakiki. Dengan kata lain Tokopedia adalah Toko Pencuri berkedok Online Shop.",negative
sorry saya kirim 4 bintang dulu saya masih coba tes beli,positive
The biggest market,positive
Males gak ada bebas ongkirnya,negative
sangat membantu terimakasih,positive
bagus,positive
the best banget,positive
"Kenapa sekarang ongkir ke lampung mahal banget ya, masak bisa sampe 25.500 / produk.",negative
Terimah kasih untuk Tokopedia karena sudah membantu saya untuk membeli pelatihan untuk kartu prakerja saya dan pelatihannya sangat mudah dan penjelasannya juga sangat bagus,positive
mantap,positive
Ok,positive
"bagus, sangat membantu tuk blanja online",positive
lumayan,neutral
"makin lengkap saja menunya, semua kebutuhan jadi lebih mudah didapatkan",positive
makasih toko pedia banyak promonya,positive
"Hari ini belanja yang sudah di keranjang so happy dapet potongan promo pesta gajian 20rb saat payment sudah finish pesanan di cancel dan akun di bekukan ,ENEEEK BGT dah sering banget tiba tiba gini padahal cuma punya 1 akun loh di tokped dahlah pindah ke Orange aja ,byeeee",negative
"aplikasinya ringan, ui nya juga enak diliat..thnks tokped",positive
"Padahal saya Platinum dan First service tetapi chat tokopedia care nya lama banget respon. Top up e-money tgl 24, s.d hari ini saldo masuk.",negative
Aplikasi tidak berguna rumit cara pakainya ongkir mahal xod gak ada.,negative
the best pokokna mah,positive
"kenapa cicilan gopayleter gak bisa 3,6 dan 12 bulan sih?",positive
"Gangguan terus,tidak bisa top up e money",neutral
murah dan terpercaya,positive
Cukup baik,positive
Parah expedisi anteraja...tidak sesuai estimasi...mundur 3hari.. Jangan jangan dah..kapok.. Males belanja di Tokopedia... Cuma mikir sepihak saja Toko yg jual jg lama pikup nya Kapokkkk,negative
👍,positive
mantaaaff,positive
"Selamat Tinggal Tokopedia. Makin kesini makin hancur. - Biaya admin bayar tagihan lebih mahal dr aplikasi lain yg pernah sy pakai. - Gratis ongkir full gimmick. Bayangkan aja, ongkir reguler jauh lebih murah dr pd dengan gratis ongkir, full lawak mah ini. Ga lama lg ngikut bukalapak deh nih olshop. Selamat tinggal dah",negative
proses secepat kilat .,positive
Alhamdulillah tokopedia sangat amanah,positive
Mantul ... mantab betul,positive
toped memang top banget! terimakasih..,positive
ok,positive
"ayo belanja di Tokopedia, seru tau banyak diskonnya.",positive
mantap rekomended,positive
cepat dan praktis,positive
"Ga guna, kebanyakan gabisa cod, lagi promo ternyata gk bisa cod, kek taii🖕🖕",negative
paling top dah klo belanja di tokopedia,positive
apakah aplikasi ini buruk?,negative
Sangat membantu,positive
sib,positive
Apk gila masa dishope harga puluhan Di sini ratusan emng Gw saranin GK udh didownload Deh,negative
Baik,positive
Wah aplikasi nya ada yang RP0 cantik sekali pakai langsung jadi bersih kulit saya makasih ya mbak saya mau pesen lagi,positive
ada promo yg failed aku syedih,neutral
Baik,positive
Ongkir nya sekarang mahal,negative
Aplikasi tidak berguna hapus saja,negative
sangat puas pelayanan nya cuma untuk pengiriman terlalu lama,positive
"Belanja pertama dibatalkan, memang satu rumah ada yg instal aplikasi ini, mau komplain tokopedia care gak bisa dibuka sampai sekarang",negative
Aku coba aja dulu,neutral
sekian tahun pake gk ada masalah.. setelah ada Antaraja nyesek ampe ubun².. Pesanan 10hr br nyampe.. 😥,negative
transaksi sampel dan ok,positive
sangat membantu...sukses berkah ya...,positive
FITUR COD NYA DI PERLUAS DONG KAYA SHOPPE DAN LAZADA JADI ENAK PELANGAN BELANJA... INI KAGA ADA FITUR COD JADI RIBET HARUS TF TF/ BAYAR LANGSUNG GILIRAN UDAH DI BAYAR MALAH DI TOLAK OTOMATIS DENGAN ALASAN KESALAHAN DI AKUN KAN KAGA JEASSS TOLONG DI PERBAIKI LAGI JANGAN DISKON DISKON MULU DI URUSIN..TAPI APLIKASI MASIH BANYAK BUG NYA..,negative
good,positive
"Di karenakan iklan nya di youtube menampilkan pornografi alias org apakai celana dalam saja yg mana tidak baik jika di lihat anak-anak, Dengan ini saya uninstal ini aplikasi, Seharus nya kalu ingiklan itu yg wajar saja",negative
hebat,positive
ok,positive
Ok,positive
MIFTA MH.😘😘😘,positive
cepat,positive
mantap,positive
Luar biasa,positive
cukup memuaskan semoga kedepannya tidak mengecewakan,positive
"Toko online ter the best buat sekarang, banyak cash back dan barangnya rata-rata original serta pelayanan cepat dan memuaskan kan",positive
Good,positive
diskonnya buanyakk🙏🙏,positive
suka belanja kalau ada promo,positive
bagus,positive
"Makin mudah bertransaksi, keren, dan mantap... Hanya di Tokopedia pastinya",positive
"Saya kecewa pesanan saya status diproses terus,udh dibatalin diproses terus,chat ke tokonya ga direspon,chat ke toped care nya ga di respon juga. Pembayaran nya juga pun sudah dibayar. Sampai sekarang dana tidak balik,chat ke penjual nya tidak di respon,bahakan langsung ke tanya toped care pun tidak dibalas. JGN NIPU DONG NTUK PENJUAL DAN TOPED.",negative
Mantapp,positive
Suka ngeselin su,negative
"bagus, pelayanan prosesnya lancar dan cepat",positive
baik dan bermutu,positive
ok,positive
"Mantap, sudah bertahun jadi user ini. Aplikasi pun ringan...",positive
Oke aja,positive
keren gratis,negative
"Sangat jelek.... Karena, saya ingin memesan produk terus saya tunggu selamat 2 menit tapi malah di batalkan oleh tokopedia , bukannya di proses malah di batalkan...😡😡 ......................SANGAT JELEK.......................",negative
belanja hemat,positive
"Tokopedia jika tidak ingin bernasib sama seperti JD.ID dan bukalapak sesuaikan keinginan pembeli/pelanggan,anda hampir guling tikar,jika tidak di selamatkan oleh tiktok . jangan terlalu ribet,barang jangan terlalu mahal,ongkir jangan terlalu mahal juga . Klo bisa tambahin sendiri PAdpaylater biar makin joss.",positive
"Sudah 2 kali top up kuota lewat tokopedia, nomornya selalu otomatis.. Kadang suka lupa input, akhirnya yg keisi nomor orang laen.. Giliran mau bayar pake bank pilihan, udah diklik banknya, sering banget malah muncul bank lain.. Mudah2n ada perbaikan..",positive
memuaskan,positive
😃🥰🥰🥰😃,positive
"Suka bgt sm aplikasinya,pas baru masuk langsung dikasih voucher gratis ongkir,tp ky ada yg kurang ajaa,maap yaa",positive
"Tolong tokped cari ekpedisi rekomendasi yang beneran dikit, kaga usah pake id express, sama satu lagi tu si cepat, kocak bet paketan lama banget sampainya udh 2minggu kaga sampe2",neutral
"pelayanan sangat mengecewakan , pacar saya salah beli barang senilai 3 jutaan lalu setelah beberapa menit mau di cancel harus minta persetujuan penjual , padahal baru BEBERAPA MENIT . diconfirm lah ke sipenjual untuk membatalkan pesanan dan pacar saya memberikan penawaran untuk mengirimkan barang yg pacar saya maksud karena dilihat di etalase si penjual ada dikirim senilai 3 jutaan itu , sipenjual tetap bersikeras tidak mau membatalkn atau menukar pesanan ny. dan pihak tokped membela di penjual",negative
Diskon ongkirnya udh gak worth it Masa cuma Rp.20.000 biasanya Rp.40.000 ganti ke Oren aja,negative
terbaik,positive
Mending shopee,negative
ok Terima kasih,positive
Sangat membantu sekali,positive
🌟🌟🌟🌟🌟 5 bintang,positive
"Buruk,.hati2 waktu pengiriman sebenarnya yang tertulis,.ada bintang kecilnya..kapok",negative
good,positive
"Goodby Tokopedia. thank you for accompanying me all this time, but sorry I will leave you. Since caseback and free shipping cannot be used together. and AnterAja's postage doesn't make sense.",negative
3 ft t5(@Hip #hri dry dry d see egg by ipo8h HD cry saw set 2 1st 👖🎯🚂hy was mm😕🐶💄👞😃😃😊no n🚳㊙❇,neutral
Okee banget buat yang mau jualan disini,positive
cepet dan mudah digunakan,positive
"sistem tokopedia aneh, barang belum di terima, namun status nya sudah sampai dan yang lebih Aneh nya lagi kalo kita ingin lihat bukti foto, pesanan harus di selesai kan terlebih dahulu. ini sangat ANEH !!!!! Uninstall solusi nya !",negative
Tokopedia ok,positive
Mantap,positive
Lemot,negative
mantabbbb,positive
kebanyakan di batalkan otomatis tanpa alasan,neutral
mantap tokopedia,positive
lebih sukses lg toko pedia dan bnyakin diskon,positive
Ok,positive
Mtapasss,positive
good,positive
siip,positive
"customer care ga jelas, ditanya apa jawab apa",negative
Tolong kembalikan kebijakan yang lama..yang sekarang sangat mengecewakan..salam dr pengguna setia tokped,negative
Saya tertarik,positive
ya baik,positive
mantaaap,positive
"Mending pake shoppe, penjual di tokokpedia goblog semua banyak yg bilang barang tersedia taunya kosong, jangan pke tokopedia lg all ngoblog asli dah, setelah dana saya tarik semua saya uninstal aplikasi kalian!!!",negative
bagus,positive
skrang gabisa pake 2voucher skligs,negative
"Tampilan nya sangat membosankan, mau CO juga ribet COD nya mahal bet njirr, harus bayar dulu klo mau murah 😑, padahal buatan Indonesia tapi barang klo COD pasti mahal, beda sama toko Oren walaupun COD pasti murah😅",negative
jos,positive
"Tidak bisa pakai promo 2 voucher. Harus pilih salah satu, antara gratis ongkir atau cashback. Ya jadi mls pakai toped",negative
Informasi yang diberikan cukup jelas. Mungkin bisa membuat nyaman dalam berbelanja online.,positive
Aplikasi andalan dlm berbelanja,positive
Lengkap dn terpercaya,positive
"Ndak bisa liat komentar,",negative
"Akhir2 ini lagi kecewa banget sama pengiriman dari pihak seller maupun kurir. Paket sering nyasar dan lama. Masa sameday 3hari kan konyol. Inipun bukan sekali dua kali tapi lebih dari 10x. Entah berapa banyak komplain saya di tokped sampe kesel, emosi campur kecewa. Bukan cuma sameday aja, regular pun sama Yang biasanya 1/2 hari sampe sekarang bisa 4/5 hari baru sampe. Belum lagi si kurirnya ini nyatut terus harga berapa diminta berapa untuk program COD nya. kalau bisa ada penilaian buat kurir.",negative
mntap,positive
"mantap, proses mudah dan simpel, pengiriman cepat",positive
Tolong kembalikan dana saya pesanan tidak datang karna waktu estimasi udah lebih saya tekan komplain dan membatalkan komplain karna saya bingung 2 hari lagi mo pindah rumah .. Lapor ke penjualnya malah suruh ke cs nya udah gitu 5 hari hadeh saya itu pindah rumah mau batalkan aja pesanannya tolong kembalikan dana saya ..,negative
mantap,positive
Mantap jos,positive
5tahun sudah masih setia disini suka banget sama pelayanannya selalu siap dan cepat membantu terimakasih🙏😗👍,positive
loadingnya cepat,positive
proses mudah dan cepat,positive
Good,positive
Belanja Online? Ya Tokopedia solusinya,positive
bagus,positive
mantap,positive
Promo Nya Banyak Saya Suka,positive
tempat belanja yg sangat mudah dijaman sekarang. mudah2an tokopedia selalu memberi kenyamanan brbelanja pada konsumen,positive
bguss asa vocer setiap hario sukaa bgttt,positive
Sangat baik,positive
Itf. Seedxe iyd,neutral
toopppp,positive
"Susah di update ini apk, padahal cuma mau ngulas barang yg sudah dibeli",negative
Sangat membantu sekali kami dalam melakukan pembelian barang kebutuhan mendesak n yg dalam jumlah kecil2 🙏,positive
Oke,positive
"terimakasih Tokopedia,jaya ..jaya..jaya",positive
Lebih mending kLian di shopeee,negative
Tolong Pihak Tokopedia gk usah pake kurir Anteraja. Gk becus mereka memproses pengiriman,negative
Good,positive
"seneng banget dapet potongan harga,makin rajin di kasih diskon makin rajin belanja",positive
ok,positive
"sangat puasssss,,,,saya suka,,,,saya sukaaaaaaaa",positive
Bagus lebih lengkap barangnya dari pada di Shopee tapi jangan banyak ongkir nya ya,positive
bagus bngttt murah',positive
"Gajelas banget ni toko online pas kirim paket nya gada tuh update paket dah nyampe mana mananya stuck di satu tempat doang kaga jelas nih, mending lazada nyampe di tempat ini update update beda jauh banget ni toko online",negative
Tokped tokped,negative
Kunyuk jaringan eror terus padahal sinyal bagus.,negative
👌,positive
"Baru pertama kali beli di TokopediaCare, banyak banget promonya. Terima kasih toko pedia",positive
Mantap,positive
Sangat bagus,positive
Gweh bilek pov mk,positive
Barangnya sesuai ekspektasi. Kurir juga bagus,positive
"Toped payah,ongkir mahal,tidak bisa COD..hadehhhh..pokoknya payah👎🏿👎🏿",negative
very helpfull...,positive
jozz,positive
ok,positive
oke,positive
Tiap dibuka kok keluar mulu ya?,negative
Semakin kesini semakin mengecewakan,negative
baguss banget,positive
system pembayaran otomatis yg ga bagus..barang datang tp blm diterima konsumen..sistem lsg meresfon pesanan selesai.. gampang sekali buat nipu konsumen..kirim ajah kardus kosong toh dlm 3 hari kedepan pesanan lsg otomatis selesai.. uang lsg cair... ( sy beli part laptop ) barang blm dicek tp sudah diterima satpam..2 hari kemudian baru sy cek. pesanan lsg selesai otomatis.. padahal sy baru cek dan ternyata isinya zonk.... komplain ke tokped udah ga guna.. ..fix.. jgn pakai tokped lagi.,negative
"ini pertama kali pakai tokped, agak ribet sih. tp mungkin karna belom terbiasa..",positive
sukses selalu.... semoga berkah,positive
gak nyangka bener2 gratis dari Tokopedia 😅,positive
"gopaylater nya gabisa di gunakan ,di sistem bacaan sedang ada pengecekan Ampe sekarang belom bisa di gunakan , pembayaran cuma telat sekali sisanya lancar ,payah dah kurang memuaskan",positive
Produk dijual aman dan terpercaya,positive
"Uninstall apk, cs nya ga bisa nyelesaikan masalah",negative
terimakasih tokopedia,positive
mantap,positive
Refund dana tidak masuk2. Sudah melewati estimasi.. kecewa sekali.,negative
baik cepat,positive
Tolong pihak Tokopedia di perbaiki fitur top up / cek saldo uang elektronik (e-money) sering error.. Trs saya melakukan transaksi top up e-money sebesar Rp 50.000 tapi saldo blm saya terima padahal transaksi berhasil,negative
"Sekarang ada biaya layanan, biaya jasa aplikasi. Jadi malas. Mau pindah Oranye aja yang tidak ada biaya seperti itu.",negative
Beli token di tokped 50rb ..gak bisa masuk udh tlpn pln.datengin kantornya ttp gak ada pnyelesaian,negative
sangat membantu,positive
"terimakasih tokopedia atas solusi tanpa solusinya., MANTAP.!! pengajuan pembatalan di tentukan penjual, sedangkan penjual tidak merespon dan menyepelekan konsumen.",negative
baik,positive
"Beberapa tahun pakai TOPEDIA akun saya dengan akun suami sekarang tidak bisa menikmati cashback gopay coin padahal sebelumx bisa karena kita tentunya memang berbeda orang, beda HP jg berbeda akun gopay yang terdaftar sebagai akun gopay premium dengan KTP yg berbeda pula. jika memang dianggap pelanggaran knp gak dari awal transaksi dibatalkan. Dari sini saya merasa tertipu dengan promo cashback & sangat kecewa.",negative
ok ....nih lanjutkan inovasinya,positive
Emang bener👍👍🎉🎉🎉🎉🎉,positive
"Aplikasi yang bagus, barang yang di cari 100% ori semua dan mudah didapatkan 👍🏻",positive
baru coba lancar,positive
solusi belanja terbaik,positive
F TT ku Li aq by 5 bb bb,negative
terimakasih. sangat membantu,positive
Mantap,positive
the best,positive
"Mau tarik dana ke rekening aja lama bener udh 3.5 jam kaga masuk2, di shopee tidak ada 5 menit udah masuk",negative
mantap dan barang real pict,positive
"KALO NGASIH DISKON YANG BENER LAHH, BENTAR' DI BATALIN SISTEM MULU, NIAT GA NGASIH DISKON SEGITUNYA KAH TAKUT BANGKRUT?",negative
tjakep,positive
josse,positive
Mantap gan,positive
Banyak Iklan,negative
Markicob,positive
trims tokopedia promo nya sdh saya pakai succes selalu,positive
Udah ngasih pin ke Gmail pas di masukin error'. Udah berkali² di ulang masih aja gabisa,negative
keren cara pembayarannya dengan gopay,positive
Kenapa akun saya kok akun saya tidak sesuai dengan s&k promo kenapa ya min?,neutral
bgus,positive
Banyak bug,negative
"Mudah cepat hemat membantu sekali dalam kehidupan sehari hari,puas pokoknya",positive
bagus sekali,positive
Mantabsny promonya,neutral
lumayan dapat promo pengguna baru uhuy,positive
Buruk seburuk buruknya udah lah aplikasi nya ga jelas beli barang selalu di tolak emng buruk,negative
jos,positive
Kok suah tidak ada promo lagiii yaa,positive
"Mantap, banyak promonya,",positive
biar cepat sampai ..dan awet di pakai,positive
oke,positive
Langganan 👍,positive
mantap,positive
mantap jos,positive
terima kasih Tokopedia,positive
"PLISS LAH BANYAKKIN PANEN TELUR YANG BERHADIAH COINS, SEKARANG TOKOPEDIA PELIT AMAT YA, TIDAK SEPERTI DI AWAL2 RILIS!!!",negative
"bagaimana nasib dana saya belum sampai juga ini, barang return sudah sampai ke toko ya, sedangkan dana saya belum sampai juga, kami sudah mengikuti prosedur Tokopedia, hnya pengembalian dana belum sampai juga",neutral
"Saya mau tarik saldo refund, kok bisa bisanya uang saya direview. Kan udah jelas² itu uang saya",negative
"Ini apa""an sih saya pake huawei yg g ada playstore tpi aplikasi sudah diperbarui pakai apkpure ketika melihat voucher ulasan selalu muncul""silahkan perbarui di playstore"" Kan gblok dah benerin lah itu update lo g suka hapus dri app gallery aja ngapain majang disitu.",negative
𝙎𝙖𝙮𝙖 𝙠𝙖𝙨𝙞𝙝 𝙗𝙞𝙣𝙩𝙖𝙣𝙜 𝙨𝙖𝙩𝙪 𝙠𝙖𝙧𝙣𝙖 𝙗𝙡𝙢 𝙘𝙤𝙗𝙖 𝙖𝙥𝙠 nya🤣,negative
"Hapus anteraja dari mitra ekspedisi nya, gak bertanggung jawab",negative
Baik,positive
Sering buat promo tp setelag transaksi dibatalkan sm pihak tokped. Bukan recomended banget,negative
keren,positive
Gk niat ngasih voucher diskon masak akun baru gk bisa pakai diskon..,negative
ok ongkir gratis lgi,positive
Ok,positive
Cepat dan memuaskan,positive
tteerrrr the best pokoknya. thanks Tokopediaaaa....,positive
Sangat buruk dalam pengiriman. Lambat !!!! Pengiriman mau pakai yg mahal/ murah tetep paling cepat 4 hari.. sangat kecewa Aplikasi terburuk..,negative
Leemot tolong perbaiki jaringan saya 4G,negative
"Fitur kurir rekomendasinya ganggu tuh, bebas onkirnya jd ga guna konsumen ga bebas pilih, biaya asuransi jg ga jelas hrs pula tuh asuransi dan kupon2nya ga da guna bwt narik minat blanja. Dan akhiry sy pun nengok ke orange.. Maaf yaa",negative
Meski blum terinstal kita kasih rate basarrrt,positive
Mahal banyak rincian,negative
mantappp,positive
mantul 👍👍👍👍,positive
biar bntang yg berbicara,positive
mantap,positive
Oke,positive
cara hidup lebih mudah,positive
ok...best....,positive
keren bonusannya,positive
Kenapa sekarang tokopedia untuk pembayaran cod bayar di tempat nya harus minimal pembelanjaan Rp.2.500.000 ya? Ga kira kira gilaAaaAaaaA,negative
"saya pengguna lama toped, sejak toped masih pake sistem transfer langsung dengan ditambah nominal unik d setiap transfer pembelian. tapi semakin kesini semakin ga nyaman pake toped! gratis ongkir min transaksi 20rb cuma ada di wilayah yg sama aja. biaya asuransi yg ga bisa d non aktifkan, msh kena biaya pelayanan dan masih d tambah lg biaya apk yg ga jelas! belum lagi gratis ongkir yg min pembelian 50rb gak sepenuhnya gratis! msih tetep kena ongkos, krn di seting dengan biaya kurir yg mahal!",negative
udah pake pengiriman reguler masih sama sampe satu minggu barang ga sampe rumah,negative
semoga banyak membantu masyarakat Indonesia,positive
Ayo belanja di toko pedia aja,positive
Banyak promonya,positive
Alhamdulillah apk ini membantu saya untuk mencukupi kebutuhan keluarga saya☺️😊,positive
좋아요,positive
Semoga ada menu ubah cara pembayaran karena sangat penting,negative
Mantapppp,positive
ok sippp,positive
bagus,positive
mudah dan hemat,positive
Saya kasih rating 1 karena menghina Manchester united,negative
nice good,positive
"Sekalian aja habis tahun baru kirim paket nya,, gak sesuia estimasi Seharus sekarang tanggal 2 des paket saya datang ,, ini malah mundur lagi berubah estimasi baru 1-7 des gak jelas sekalian aja habis lebaran",negative
nice,positive
Tercepat terpercaya,positive
sangat baik sekali dan memuaskan,positive
Barang ga sampai2 lama responnya,negative
"tolong diperbaiki masalah pencarian. masa mencari barang selalu muncul ""oops, barang ditemukan""",negative
Masih bagusan orens..,negative
"Metode pembayaran error pas di klik yang lainnya app malah ngelag stuck , kirain di hp saya doang pas di coba di hp lain sama. Kecewa !",negative
terbalik,positive
"makin kesini malah makin buruk fiturnya, terutama kurir rekomendasi, paket jadi pindah2 dari anteraja ke jne, malah jadi lama pengirimannya",negative
Kenapa ya tidak ada yang bisa cod tolong buat pihak Tokopedia tolong batasi penjual dengan sistem transfer,negative
DISKON E GAMAIN MAIN !!!,positive
Padahal sering belanja di tokped. Knp barang udh seminggu lebih malah di return. Alesan alamatnya gk tau.. Trus apa kabar paket yg udh pada dtng.. pindah shopee aja guys.. lebih aman,negative
nice,positive
Sangat memudahkan dalam melakukan transaksi belanja atau pembayaran dimasa pamdemi seperti sekarang,positive
"Pakek voucher Pengguna baru, tp dibatalin sama tokonya dan gak dapet ganti voucher sbg pengguna baru😑😑",negative
E-comerse ter the best selama ini thx lazada.. ehh tokopedia ding😅😅 banyak banyakin promo sama diskonannya min apa lagi yg diskon belanja 100%😍😍😍😍 terthe bezt laghh pokoknya.... ehh minn😆 sama banyakin fitur toko yg bisa cod biar human seperti saya ini gk ribet harus top-up dulu😅,positive
Satu saja promo cashback ya nipu.dengan segudang alasan,negative
waw banget,positive
Baru install Tokopedia kenapa lama banget loadingnya,negative
"mantab, sangat membantu sekali bagi yg minim kantongnya, harganya murah2",positive
"Aplikasi sampah, merugikan penjual",negative
"Kolaborasi Tokopedia dan BRI sangat bagus, semoga kalian selalu menjadi yang terbaik",positive
Kebanyakan iklan,negative
Bingung cari pesanan belum dibayar dimana ya,positive
Terpercaya dan termurah,positive
mantab,positive
banyak Cashback 💫💫💫💫💫,positive
mana cashback nya ga masuk2... ga niat amat nih ngasihnya si tokped. Mana cansel pesanan harus nunggu 3 hr. Lama amat dah buset. Padahal salah tokonya,negative
"Aslii Aplikasii gak ada call center, masalah gak bisa login sampe skrg gak kelar kelar , DM IG gak dibaless, lapor kendala harus ada email, padahal sini daftar cuma pakai nomer HP, Verifikasi WA gak masuk. Sampahh",negative
"Sukak sama aplikasinya , , ,",positive
"promonya banyak banget, tiap hari ada promo makin happy sih make ini terus. teruskan tokped🥰",positive
"wah godd,semakin maju..",positive
"Kena block gara2 melanggar peraturan promo, masalahnya saya gak pernah pakek promo. Terus tiba2 batal otomatis. Makin ke sini makin aneh. Terus gak bisa pakek gratis ongkir buat apa. Mending pindah ke toko sebelah.",negative
ok banget,positive
"sangat menambah wawasan dan skill saya dalam dunia pekerjaan, terima kasih Tokopedia.",positive
Malah downgrade 👎,negative
KEMANA SAYA HRS LAPOR TADI PAGI BARU TRANSAKSI JAM 8 OAGI TGL 9 AGUSTUS DLM TRANSAKSI ADA BUKTI TRANSF. BERUPA LIPSTICK SOFI MARTIN. ENZIPLEX.CURCUMA FORCE SEMUA ADA BUKTI TRANSF. KOK NGGAK DIRESPON.,positive
mantap aplikasinya,positive
Tolong tambahkan fitur untuk menghapus riwayat barang belanjaan 🙏🏻,negative
ok sip,positive
luar biasa belanja yg efektif dan lancar..ToPet selalu berjaya...kalau bisa promo yerus...hehee,positive
belanja dgn tokopedia sangat puas,positive
Sulit dapat ongkir gratis,negative
Vouher cashback sering tidak masuk. Tinggal di kos kosan penghuni nya banyak yang pakai tokopedia. Keterangan terindikasi kesamaan data.,negative
mantap,positive
Maaf salah penyampaian saran,positive
Pesanan saya dibatalkan tiba tiba oleh tokopedia tanpa sebab,negative
"Masa pesanan flash sale dibatalin sepihak, nyesel download tokped 👎🏻",negative
tanxu dari mz fredi sulistiawan,positive
Payah beli quota 1 hari sampai 8x dibatalin terus.,negative
ter best,positive
Makasih kakak saya udh belajar disini,positive
"Kiriman makin suka lama, kalah sama si orange yg sat set..dengan kurir sama biaya sama lokasi penjual sama..orange lebih joss",neutral
Paket saya tidak bergerak menggunakan kurir rekomendasi. Saya sudah hubungi jasa pengiriman dan Tokopedia carenya. Tidak ada tanggung jawabnya.,negative
bagus,positive
Memudahkan belanja 👍,positive
Tokopedia buruk!!!! Gua udah bayar malah ada pembatalan di sistem !!!!! Gaush download apk ini gays kalo kalian gamau rugi!!!!,negative
"proses refund udah sebulan, masih harua nunggu sampe tanggal 6, dan udah sampe tanggal 6 saldonya ga balik, badutpedia",negative
mantap,positive
jos,positive
Toko yg cuma iseng ngasih promo vocer.... ketika belanja pun TRX dianggap nya pelanggaran.... Trus yg bnr kek apa? Capek deh,negative
"Semakin hari, semakin lambat saja pengiriman belanja disini, semua order terakhir lama sampainya, tokopedia andalan olshop saya, tapi kecewa dngan belakangan ini, lebih baik kembali belanja di toko sebrang jalan saja, lebih aman dan cepat *balasan untuk tokopedia: Saya hanya ingin menyampaikan penilaian bukan mau berdebat, tingkatkan saja layanan kalian, bukan duit aja yang dikejar",negative
cakeep,positive
mulai asik blanja di sini.merasa lebih aman di barang yg bergaransi,positive
"masih setia di toko hijau ini, tolong jaga data kami ya. thank",positive
bagus banget untuk transaksi jual beli online di era digitalisasi sangat membantu,positive
Bagus Tapi gak Bisa Download,positive
Aplikasi yg sangat membantu saya untuk menukar pembelajaran di skill academi...mkasi banyak toko pedia🥰,positive
topup e toll lewat tokped gak masuk padahal saldo udh kepotong!!! udh komplain lwt t*kt*k gak dibales.,negative
ditunggu respon nya kk🤗💜,positive
BAD! Gak jelasss,negative
"CS NYA JELEK BGT TIDAK MENYELSAIKAN MASALAH SAMA SEKALI, PELAYANAN LAMA. KALO MASUKIN VOUCHER SELALU TEANSAKSI GAGAL!",negative
keren,positive
Good,positive
Trima kasih semoga dengan aplikasi ini dapat membantu kebituhan kami,positive
Ini aplikasi banyak banget biaya buaya jasa jaso aplikasi macam2 aj tambahannya,negative
Bagus dan ok,positive
"Gabisa login, gabisa daftar, ada masalah dirumah tokped kenapa???",negative
"Tokopedia gmn ya.. katanya bis COD seluru indonesia tp ko GK bisa ke halmahera Maluku Utara, Oo mungkin Halmahera/ Maluku bukan wilayah indo ya Gmna si. Slmt Satu Dara Maluku",negative
"yang terbaik sih, terimakasih tokopedia",positive
mantap Tokopedia,positive
gacor kang,positive
"Rata - rata hari pengiriman oleh kurir jadi lambat, adanya paket langganan bukan memperbaiki layanan tetapi hanya memperlambat layanan yg tidak berlangganan.",neutral
Simpel belanja cukup dirumah saja,positive
7ukuvid 6 tas rbansel y Heyyy 60th 5 cup g5,negative
ok,positive
mantap,positive
gk tau kenapa fitur akun COD nya udh di komplain cuma di g2 in aja,negative
ok,positive
The Sulu Kaurow Direktori,positive
Aman nyaman belanja di sini .. ga takut ketipu oleh oknum... Pokoknya the best deh toped... Makasih ya... Love u full,positive
"semoga banyak voucer lagi, seneng belanja di sini. Terimaksih untuk bapak kurir yg mengirim barang dengan keadanan yg masih bagus.",positive
ok,positive
"Maaf saya turunkan bintangnya, karena koq tiba2 2bulan ini gopay later saya tidak bisa dipakai lagi padahal saya tidak telat bayar dan limit masih ada.",neutral
TOKOPEDIA SELALU IKLAN DI HP SAYA SAYA KASIH BINTANG 1 SAYA SANGAT TERGANGU SETIAP BERMAIN GAME SELALU IKLAN HMM PADAHAL GAme nya ga iklan,negative
Setelah di update malah jd tidak suka karna semua pembayaran kena tambahan biaya !! Plus sekarang kena biaya layanan jd kena biaya tambahan 3rb setiap kali transaksi😵,negative
"Sekarang Tokopedia menjadi Aplikasi tukang pehape,aplikasi nggak jelas,aplikasi tukang ngibul 👎",negative
istimewa,positive
Untuk ngisi token selalu gagal,negative
"barang nya banyaknya ori di sini,klo soal elektronik joss lah",positive
good,positive
"Saya masih kesulitan untuk jasa expedisi, sebagai penjual sehingga mengalami keterlambatan pengiriman barang ke konsumen jasa expedisi yang telat untuk pickup.",positive
"Saran aja ini mah, adain layanan ambil ditempat kyk ind*paket misalnya. Malu gw sma tetangga beli paket mulu",positive
Aplikasi bagus tp agak berat untuk hp saya yang ram nya cuma 4gb,positive
Manatap,positive
bagusss bangettt masyaallah,positive
Tadak dapat login,negative
"Dapat harga promo dari harga 20rb cuma bayar Rp500 setelah saya pakai harga promo, dan saya mau cekout harga promo kenapa jadi harga normal ya, tolong bantu jelaskan",positive
sangat memudahkan dalam pembelian,positive
Mantap,positive
Makin banyak aturan,negative
sangat puas belanja di tokopedia,positive
"Aplikasi bgst,padahal baru pertama kali install tokopedia,udh beli yang rp 0 eh malah dibatalin sama tokopedia nya kontoIIIII",negative
Tidak mengecewakan.. rapih kurir ramah dan tepat waktu,positive
Di halaman wishlist bila melihat barang dan klik kembali serta menghapus suatu produk yang ada di wishlist selalu kembali ke atas/awal.. jadi repot scroll² kebawah lagi,positive
"28,7 jeti",negative
"sangat membantu,",positive
senangnya pakai tokped,positive
Sangat rumit di saat mau login ke Akun seller terlalu Ribet tolong di permudah kan saja,negative
Tokopedia memang terbaik,positive
Mohon tambahin fitur cod untuk wilayah makassar dan sekitarnya karena di tokopedia kagak bisa cod di wilayah saya padahal apk belanja lain bisa mohon ditambahkan.,neutral
"Mau donlot tokped, pastikan saudara serumah anda tdk memakai aplikasi ini, jika anda tinggal di kos/kontrakan, pastikan org2 di kos juga tdk pakai aplikasi ini. Krna vocher2 yg kita dapatkan tidak akan bisa kita gunakan Entah aneh sekali tokped ini Ngasih vocher, pas dipakai transaksi dibatalkan. Mencurigakan Mohon maaf aplikasingk guna saya hapus aja ,",negative
bagus sekali,positive
👍👍👍,positive
Good,positive
Keren,positive
mau cod aja susah nya minta ampun 🗿,negative
Hapus JNE Kalau gak ingin gulung tikar.,negative
oke,positive
"Ongkir dan cashback sekarang tidak bisa di gabung karena sekarang gratis ongkir berbentuk voucher, bikin tambah malas belanja di tokped 👎, dlu bisa gabung free ongkir sama cashback sekarang gk bisa",negative
super respon top,positive
Ok..,positive
Uninstal langsung gada yang bisa cod kaya toko toko sebelah,negative
bgus,positive
Good,positive
Ok,positive
"Apa apa an coba?? Uang transferan gak kembali, di chat ke official gak ngerespon. parah gak habis pikir",negative
"Makin sini makin menyebalkan ja. Saya laporin pedagang yg bermasalah malah ditanggapi dengan BOT. Cs"" nya ngapain ja..?! Saya beli LCD. barangnya bermasalah, chat si pedagang ga nanggapi. Saya laporkan ke pihak toped ga da juga kemajuan. Melayang sudah duit saya. Pikir"" toped yg dulu saya jagoin malah makin memble ja. Lebih parah dari BL si pink yg dulu menyebalkan karna banyak penipu dan admin taw cs nya kaya yg lepas tangan. Lah ini toped yg dulu tegas, ko karang makin ga jelas ja.",negative
"walaupun dah member Gold, tapi belum puas maksimal klo bwat member belum ada pinjaman tunai langsung dri topednya, gak kaya tetangga sebelah si oren...bintang tiga dulu!",neutral
apk sangat bagus,positive
Saya saya sangat terganggu dengan iklan tokopedia di hp saya,positive
"Terlalu lama membuka aplikasi, tidak praktis, tidak bisa membuka lanjut ke pilihan pembayaran, harus diperbaiki lagi",negative
Apa ini saya sangat kecewa dengan pihak tokped sudah lama pakai ini dan puas tapi sekarang g lagi Masa komplain barang g sesuai Apalg barangnya palsu penipuan Mau dikompilasi cuman disuruh nunggu nunggu tapi uang tak kunjung balik ke saldo,negative
sangat baik,positive
aman,positive
Lumayan walaupun mahal,negative
pertahankan pelayanan ke konsumen yg sudah sangat baik...dan perhatikan yg pasang iklan jangan sampai tidak sesuai dengan produk yg terkirim,positive
banyak diskon,positive
Ok,positive
😎,positive
makasih banyak segala ya cepat,positive
app bagus,positive
Abis dapat kupon 50.000 cekout langsung di batalin tokopedia 🤔,negative
ko orang lai. sering ada promo dan voucher ya. giliran saya buka gak pernah dapat,neutral
sukses selalu,positive
"Makin paraahh makin pelitt wkwk pengguna lama padahal, tp promo makin nihil, kudu belanja jutaan dulu buat dpt promo yg secuil astaga..",negative
"Makin parah, respon CS malah makin sengaja membodohi pelanggan. Parah",negative
"Komplain masalah pengembalian dana yg belum masuk, sudah chat ke tokopedia care & sy tunggu sampai 30 menit gak ada kejelasan lagi. FIX KUALITAS PELAYANAN BURUK!!!",negative
mantab,positive
"Tokopedia rekomendasi bngt,bnyk promo nya.",positive
Bintang 1 untuk kurir rekomendasi sicepat yg lambat. Sama aja kek toko sebelah.,negative
👍👍👍👍👍👍👍👍👍👍,positive
penjual yg tidak aktif lebih dari 30 hari tolong produknya di nonaktifkan karena menyulitkan pencarian. sorting jam tangan mohon diubah tidak berdasarkan jam tangan pria dan wanita. thx,positive
Murah tp gak murahan..top buat tokopedia..,positive
"admin, segera respon pengaduanku!!! udah nunggu 2×24jam tpi saldoku blm balik² jg, chat cs disuruh nunggu trs tpi tidak diselesaikan. uangku sendiri loh ini, knp ditahan mulu? (permasalahan: bayar pesanan pakai qris, saldo udah kepotong tpi di tokpednya masih menunggu pembayaran trssss smpe pesanan batal tpi saldo ga balik² udah lebih dri 2×24jam)",negative
"Sudah beberapa kali kecewa dn hanya buang waktu.Beri solusi tepat dn cepat jika terjadi kendala penjual lambat mengirim krn terjadi kelalaian.kewajiban sudah dipenuhi cepat,tp hak lambat2.pembeli adalah raja,lapak ditokped banyak,berlomba,bersaing dlm pelayanan terbaik.tokped sbg pihak ke 3 lebih respon dn memudahkan transaksi jual beli layaknya seperti dipasar.",negative
"Hati hati, pesanan saya di batalkan sistem dan uang saya ga balik balik.",negative
"Aplikasinya bagus sangat membantu, terimakasih",positive
"Bangke mau bayar aja suruh aktifin paylater, gini amat aplikasi maksa orang buat ngutang",negative
"Si cepat lelet sering telat next day percuma aja datang nya gk tepat waktu, pas di lacak paket gak jalan2, pernah juga barang ilang gara2 si cepat, minta tolong perbaiki lagi tokped banyak pembeli yg kecewa dengan si cepat",negative
pemesanan yang sangat amat bagus saya dapat diskon,positive
mantabbbbbbb,positive
"Baru nyobain belanja Pelayanan Tokopedia jelek, mahal smua ongkirnya.. Mendiing apk sebelah",negative
Bintang yang birara,positive
knp jd eror terus,negative
",ea",positive
bagus,positive
"CATATAN BUAT KURIRNYA MASA 45 KATA DOANG, TAMBAH LAH",negative
Kecewa banget sama tokped udah co barang promo malah dibatalin sama sistemnya,negative
"tolong lebih tegas pada pihak ekspedisi, mereka malas mengantarkan barang",negative
Tidak bisa nyicil 12 bulan atau 3 sampe 6 bulan Padahal.kerja sama dgn gopaylater,positive
Kenapa gak bisa upload reels ya di akunnya?,neutral
mantapz,positive
Responya kurang bagus jika ada keluhan barang ilang di kurir,negative
kecewa skrg make tokped lebih baik kesebelah ga ky dulu msk aplikasi cmn melalui email skrg riweh,negative
menarik sekali baru jadi pengguna baru udah dapet kupon belanja gratis,positive
banyak promo,positive
Bagus,positive
Banyak gratis ongkirnya kalah tetangga sebelah👍,positive
Bagus dan mudah apalagi tersambung dengan gopay,positive
sangat membantu,positive
Di arahin untuk update aplikasi tp setelah update malah susah sekali transaksi muter2 aja terus...ini aplikasi gak beres,negative
Elok,positive
Apk nya bagus banget nggak nyesel deh buruan download Tokopedia,positive
Sangat suka,positive
"Udah bagus bisa gratong + voucher cashback, malah sekarang cuma bisa pilih salah satu",negative
Sering update tapi tulul,negative
"Aplikasi ampas, Udh lemot, voucher sering ilang krena kelemotan apk nya, ga niat bgt ngasih promo, tinggal co aja lemot, kalo di close promo ilang, dari thun brp ga ada perkembangan sama sekali tertinggal jauh sama si Oren n yg lain. Ga lagi pakai ni apk, uninstall.",negative
"Ok, udah ada gratis ongkir nya dan apk juga lancar, semoga lebih banyak voucher yg menarik biar gak kalah sama yg sebelah",positive
mantap bener,positive
terbaik skliii,positive
mantap,positive
keren abis,positive
tokped good,positive
Cakep,positive
Pelayanan yang sangat jelek pembelian pertama di batalkan oleh sistem karena tidak sesuai S&K jika memang toko pedia tidak mau mengeluarkan promo mending engga usah ngeluarin deh,negative
ok,positive
memuaskan oe,positive
"Suka dikembalikan danannya, suka eror klo bayar lewat indomaret, ngabisin waktu",negative
"aplikasi yang tak ada rasa tanggung jawab nya, itu no yg ada di google mengatas namakan aplikasi ada di tidak lanjut jgn hanya diam aja, kan kaya gitu merugikan orang yg mau merefud barang atau ada kendala lainnya",negative
suka banget aplikasinya,positive
Ok,positive
Coba dulu,positive
baik sekali,positive
Baru pertama belanja sdh di batalkan dri tokopedia... Ket melanggar ketentuan... Apa yg salah..?? Aq pengguna baru.. baru pertama belanja..,negative
keren,positive
Mudah dicari tapi suka salah saya pernah beli barang free 1dp 2 beda warna janjinya ternyata lain dg jg diminta,positive
mantappp,positive
baik,positive
"sumpah ga jelas bgt ni app,gw top up kartu bilang nya udh masuk tapi ga masuk,udh mna gw pembelian dalam jumlah besar lagi,tolong ini di pertanggung jawabkan, app aneh, gausah install ni app",negative
👍,positive
sangat membantu,positive
Gokil,positive
tidak bisa ganti no hp,negative
Payah kebijakan baru Tokopedia terkait tidak bisa di gabungya gratis ongkir sama chasbak,negative
Bagus,positive
Ya semoga serba ada,positive
Belanja nyaman asik bonus nya jg,positive
mantap,neutral
"Kalau sistem nya tidak di perbaiki prihal s&k ketentuan yg membatalkan pesanan sepihak - withdraw mengikuti jam kerja bank,,,FIX BOIKOT TOKOPEDIA PINDAH KE SHOPEE !!!!!!",negative
oke 👍👍👍,positive
"INI TOKPED GMN SI MAAF YA AKU KASIH BINTANG 2 KARNA ADA ALESAN, AKU MESEN BRNG DRI TGL 29APRIL DAN SAMPAI SKRNG ITU BARANG DALAM KONDISI PERJALANAN KE RUMAH TAPI GANYAMPE NYAMPE ANJJ, UDH MINTA PENGAJUAN PENGEMBALIAN DANA MALAH DITOLAK GEGARA PAKETNYA BLOM DATENG, KALO MAKIN LAMA LAMA KEK GINI 2 TAHUN KEMUDIAN APA NI BARANG MASIH GINI? TOLONG DEH KLO BUAT PERATURAN MIKIR ANJR JAN ASAL NOLAK KALO GATAU APA APA DEH",negative
Berkualitas,positive
mantulll,positive
Aplikasi ngelag. Mau beli tinggal bayar aja loadingnya setahun,negative
makasih ya tokopedia,positive
oke,positive
Hallo devoloper kalo bisa cod nya jangan di batasin kaya aplikasi jual beli lainya,negative
mantappptappppp,positive
aku ga dapet voucher pengguna baru,neutral
Ok,positive
"Mulai ga nyaman blanja di sini..... Alasan nya sama dengan yg lain memberat kan,dan masih pake kurir yg banyak di komplen. ga ada pilihan kurir..... Good bye toko ijo",negative
terbaiiiikkk,positive
"Estimasi waktu yang tidak sesuai, tidak ada penjelasan detail dari berapa lama barang akan sampai. Saya pesan barang ditempat yang sama tapi kedangan barang belum sampai. Sedang kan dari shoppe pesan dari lokasi yang sama baru kemarin datang",negative
veoet tanggap,positive
sangat baik sekali,positive
Bagus,positive
"aplikasi gajelas, voucher gabisa dipakai, sering pembatalan sistem terus , pindah k toko orens aj",negative
katanya cod tapi kok harus di transper si,neutral
Saya kasih,positive
Ok,positive
proses cepat mudah2an selalu amanah dan memuaskan,positive
Bu ⁰,positive
"Aplikasi sarang penipu, banyak toko yang menjual barang tidak sesuai, pengiriman dan kondisi barang.",negative
ok,positive
i👍,positive
top deh tokopedia,positive
gut,positive
"Ga bisa doble promo, ca bisa gratis ongkir doang",negative
mudah dan cepat,positive
AMAZING,positive
"Mengecewakan, transaksi dibatalkan otomatis",negative
"Beli Pulsa pakek Voucher potongan 7ribu transaksi dibatalkan tanpa alasan yang gak jelas, voucher hilang hangus, abal-abal voucher potongan pulsanya",negative
Oke,positive
good app,positive
😊,negative
"Apa nih kok komen ku di hapus, gk mau ya dibandingin sama SHOPEE",negative
gk jelassss mestii dibatalkan sistem,negative
"Mantap tokopedia selalu ok,,tp knapa sudah sy update,,sllu muncul harus diupdate terus,alhasil klo buka tokopedia lwat google trus,,tolong sistemnya dicek lg ,,",positive
gabisa verivikasi umur pdhal di udh make ktp,neutral
ok,positive
"Parah, tokopedia now malah cancel orderan saya gara2 pake promo, kok bisa begitu...🤦",negative
Admin tokopedia kurang tegas masa saya beli wound spray tutup nya gk ada pas saya komplain disuruh balikin lagi barang nya trus ongkir saya suruh bayar ya rugi lah padahal saya punya 2 akun gold dan platinum transaksi juga uda lebih puluhan juta saya ambil barang buat toko tpi layanan kek gini percuma punya akun platinum sama gold,negative
"Sangat buruk , memberikan promo tapi tidak nyata selalu gagal transaksi",negative
pelayan sangat baik,positive
"Penjual banyak yang mempermainkan harga, terpaksa beralih ke aplikasi lain👎👎👎",negative
mantap,positive
"2 bintang because,,??app ketika di buka berat dan loadingx lambat,respon tampilan tokok ada app lambat,,bikin hp panas",negative
oke bgt,positive
mantap,positive
Abai dgn perlindungan konsumen,negative
"bagus sekali apk nya, tks Tokopedia",positive
"sangat² murah barang nya serasa dapet hadiah , semoga bermanfaat barang nya",positive
"Saya sangat setuju, atas imfonya dn sangat mendukung sekali ,slamat bergabung.",positive
Makin parah gratis ongkir harus langganan plus 😂,negative
"Tokopedia aplikasi terbaik sih ini kalo mau nyari barang ori ☺ jangan pernah berubah ya... Tokped soal nya ini udah bagus 👍 tapi nanti tolong buat pengiriman nya di perbaiki, lagi, yang lain udah bagus kok sama banyakin vocher diskon n gratis ongkir nya. Kadang aku tuh binggung gimana cara ngeklaim vocher",positive
Udah bayar tapi belum di verivikasi mana duit nya di makan SM Tokopedia,negative
murah bgt,positive
bagus,positive
good buat tokopedia sukses selalu👍👍👍,positive
makasihhh guyss,positive
Mau beli stroller mahal banget ongkirnya..jadi beli di lazada ..gratis ongkir..cuma bayar biaya penanganan aja..semoga biaya ongkirnya bisa gratis juga ya,negative
Aplikasi nya bagus dan bermanfaat unk belanja dgn harga terjangkau,positive
bagus sekali,positive
tidak ada mode gelap,neutral
Sangat membantu dan bermanfaat penjelasan jelas dan detail,positive
Saya. Kira. Bisa. COD. Ternyata. Nggak..,negative
Good,positive
Sebelumnya saya kasi full bintang. Sekarang saya kurangi karena pengiriman sangat lambat. Seharusnya tgl 19 Agustus sudah tiba. Ini sampai sekarang tgl 23 Agustus belum kunjung datang. Sangat menjengkelkan padahal pesanan mau dipakai segera. Sangat mengecewakan. Jika tidak segera ditangani saya akan beralih ke sebelah. Saya ucapkan Terima kasih jika keluhan kami segera di respon,negative
Setelah di update fitur creditnya hilang,negative
Alhamdulillah Mantap 👍🏻,positive
sangat memuaskan konsunen,positive
Mantulll,positive
mantab dh pkoknya,positive
Bagus,positive
Bagus,positive
toped ok,positive
baru pake,positive
"tolong adain kerja sama dengan lalamove, deliveree, dsb yang terintegrasi dengan sistem tokped. karena banyak sekali toko yg menggunakan kurir pihak kedua. dan dikenakan tarif yg tidak logis, penjual memainkan/mengambil untung berlebih dari ongkir lalamove, dsb.",negative
Kurir recomdasi tokopedia lmbat,negative
sangat baik,positive
Tokped gaguna baru instal pen dpt 0rupiah malah error jd gabsa. Fix auto uninstal lg,negative
Penanganan masalah terlalu lama,negative
Nice apk,positive
Lebih mudah dan murah,positive
keren,positive
mantap👍🏼👍🏼👍🏼,positive
"aplikasi yg melindungi toko2 penipu,,,👏👏👏",negative
1 gopay koin buat apa 🤣,positive
"Yang belum download tokopedia jangan download ntat nyesel , mending ke shope aja , tokopedia aplikasi sampah uang saya hilang di aplikasi ini",negative
tidak ribet,positive
kamu nanya.? kamu bertanya tanya. oke aku jawab. biar bintang aja sih yang kasih tau kepuasan aku. 👍,positive
aplikasi ga jelas masih mending shoope ini baru mau beli aja udh dibikin ribet payah gak mutu acara dibatalin segala,negative
Ga,neutral
"Masukan buat tokopedia tolong bertindak tegas terhadap jasa kurir yang bermasalah, jangan hanya mencari keuntungan saja tapi tidak mau bertindak tegas terhadap jasa kurir yang bermasalah",negative
Suka,positive
"banyak diskon,top",positive
sip banget,positive
Nama game,positive
"""max 400pcs per keranjang"" Baru nambahin 100pcs udh muncul notif gini tambah lagi sekarang dikit2 loading dan terus lelet.",negative
"Biaya admin 1K masih masuk akal ya.. eh tambah lagi biaya applikasi, 2K pula harganya.. jd tiap belanja harus nambah 3K pas chekout. emg tokped sewa aplikasi ya bukan aplikasi sendiri..",negative
Sangat bagus dan membuat belanja lebih mudah,positive
Sangat membantu dalam mencari barang bagus dan bisa dipercaya serta mendapatkan keuntungan atau bonus..,positive
Tokopedia nya bagus...tapi mitra kurir nya yang justru bakal nghambat rating/ perkembangan Tokped.. disarankan cukup pke JNT/JNE/sicepat yg ckp responsif ...selainya Ky g niat jadi kurir Mohon benahi... sebelum uninstall masal melanda,negative
semakin lama pelayanan semakin buruk banyak seller yang kehabisan stock barang tapi masih dibiarkan promo,negative
Yeerrs,positive
mantabz,positive
mantap saya suka saya suka,positive
👍🏻👍🏻👍🏻,positive
terimakasih,positive
Bagus aplikasi terbaik,positive
Untuk sekarang oke,positive
bagus,positive
"Parah banget sih, semaleman aku liat berita di tweeter kalo tokped ini lg bermasalah, gegara ibu2 yg di tipu itu, ternyata aku ngalamin hal yg sama, ga gede amat sih nominal beli makeup udah aku bayar tapi di history transaksi tiba2 ilang,pokonya ilang begitu aja, mana ga bisa ngajuin komplain, tolong dong tokped kenapa jadi gini",negative
Aplikasi belanja paling gak jelas dan medit. Suka banget batalin pesanan,negative
ajib,positive
"Kecewa parah sama CS Tokopedia, saya kaya gk dianggap manusia.... gk lagi deh belanja di tokopedia",negative
mantap,positive
Cashback nya gk besar kayak merah,negative
"ongkirnya mahal bgt min tolong bgt ini maaa turunin, masa iya sampe 50rb ongkir doang😞😞",neutral
"kecepatan promonya, yg lama gtw",positive
Mahal ongkir gil4,negative
PELIT GRATONG SEKARANG CIHH,negative
Gyus disini jual keris dan minyak zafaron gak ya,positive
top,positive
"kecewa skrng paylater gue di bekukan, padahal gapernah telat bayar, ga percaya? cek aja history pembayaran, dahlah jelek skrng aplikasinya malesin",negative
mantaafffsss,positive
Sudah sekian lama saya pengguna Tokopedia cuman akhir² ini terasa pelayanan Tokopedia makin kesini makin gak berpihak ke konsumen. Saya melakukan pembayaran listrik namun gagal sudah lebih dari 3 minggu dana masih saja belum dikembalikan pihak Tokopedia setiap ditanya selalu saja jawabannya dimaksimalkan terus,negative
Ntah apa yg berubah.. Dulu waktu minimum 50k dapet gratis ongkir.. Pengiriman cepat.. Skarang pengiriman jadi lelet.. Mohon diperbaiki.. Soalnya jadi malas belanja disini,negative
Pokonamah kecewa pisan nan,negative
senang belanja di tokopedia,positive
terlalu lama untuk pencarian uangnya..setelah transaksi barang selesai masak uang masih di tahan selama 7 hari kerja.padahal bukan paket COD..,negative
bagus,positive
top bgt dh pertahankan,positive
👍🏼,positive
sangat bermanfaat,positive
Tokopedia lebih mementingkan hak penjual dan tidak mementingkan hak pembeli jika ada masalah..,negative
Sangat baik sekali dan sangat sangat membantu sekali,positive
"pengalaman beli ditoko ini cek out dr sebelum lebaran udh 2 mingguan kali barang ga dtg"" katanya dikirim tp ga sampe mending bli di toko Oren di cancel gabisa orang dibikin nunggu! g bgt👎",negative
"memudahkan saya untuk belanja, meminjam, dan bayar nanti, terima kasih banyak berkah selalu aminnn",positive
"semoga lancar prodak ya, dan konsekuensi dalam jualannya",positive
aplikasi belanja online terkeren ni.. rekomendasi banget,positive
Promo ny gk puas cere cere,negative
bagus,positive
good,positive
mantap...bisa dapat barang free,positive
mantuliti,positive
Iklan dimana2 ngeselin,negative
Baik,neutral
Sampai saat ini masih puas belanja dari Tokopedia. Sering dapat gratis ongkir & banyak cashback nya.,positive
allhamdulillah semoga amanah,positive
di batalkan kenapa coba,negative
Ok number one,positive
mudah dan murah belanja di tokopedia,positive
keren,positive
baik,positive
bagus skali,positive
Kenapa tiba tiba ga bisa pakai promo fix uninstal,negative
"Sangat Tidak rekomen, pengiriman lama, padahal pake reguler, berasa pake kargo, hapus aja kurir rekomendasi, gak guna !!",negative
Jakep,positive
ok siiiip,positive
Ga nerima barangnya pesanan udah diselesaikan lol,negative
"Tokopedia sih bagus sih bagus cuma ada 2minus yang bikin saya gak puas,Pertama: promo promo Tokopedia jarang ada cuma pembelian pertama aja ongkir ny murah pas pembelian ke dua behh mahal bet dah Kedua:produk produk Tokopedia gak selengkap shopee,dan produk yang ada di Tokopedia mahal mahal semua Masih murah shoope😒,Shope jaya jaya jaya🤙",neutral
"Terakhir belakangan ini sangat"" Kecewa dgn promo gratis ongkir nya toped ini, biasanya ad gratis ongkir belanja 10 rb, kita byr nya hnya 10 gk da tmbhn ini itu, skrg ini sdh tak ada lg, menjadi blnj 20 gratis ongkir, hny byr 20 rb gk pke nmbh byr, pesnn lansung proses, skrg ad tmbhn ongkir, biaya aplikasi, gitu banyak, krn sy klau blnja srg toko yg sama sebelumnya, terakhir sekarang ni saya jadi gak mau lgi belanja di toped ini sprti biasanya, gratis ongkir nya hnya berlaku utk kota tmpt kita,",negative
ok,positive
"Setelah update malah susah byr via gopay/gopaylater,muter2 trs ketika verifikasi pembayaran, payah.",negative
Aplikasi oke,positive
Tiap belanja selalu milih di tokopedia Tapi semenjak diskon ongkir dimasukin ke voucher jadi gk bisa makek voucher lain nya Kalo gitu mending jangan pake voucher diskon belanja Kecewa banget sih,negative
"Cepat, updated & Terkonfirmasi",positive
thanks tokopedia,positive
kereen,positive
Bagus,positive
Urusin noh batu 11 juta tuh,negative
Gopay leter nya ngeri . Tagihan 49.000 Masa iya telat 1 hari denda nya 50.000 gak ada otak,negative
aplikasinya bagus banget,positive
cashback dan gratis ongkir udah gabisa. uninstall aja dah,negative
"Pelayanan toped sangat mengecewakan akun dinonaktifkan karena memakai promosi,yang katanya berlebihan,apakah pembeli bisa menekan tombol promo yang tidak bisa dipakai ditoped itu tidak mungkin.saya penguna yang tak pernah cari cari promo,setelah beberapa tahun akhirnya akun saya diblok,terima kasih atas pelayanan ini.salam sehat selalu toped",negative
ok,positive
Semoga banyak diskon,positive
"Sampah. Hapus aja semua kupon & voucher di akun saya,baru mau pake katanya udah limit konyol akun aja baru jadi. Voucher elit dipake Sulit.",negative
Banyak yg di cari pasti disuruh cek ke Web Ngapain aku download apk nya anjer lah klo disuruh ke web juga,positive
Sering kali top up e-money gagal masuk.. tapi saldo kepotong.. udah kalo laporan lama d balesnya,negative
mudah gk ribet,positive
Oke bangetdezr3*#,positive
Toko pedia is the best,positive
mantapppppppp,positive
good,positive
Mantap,positive
"mantap pertama kali belanja dengan lancar, saya merasa puas, sudah segini saja",positive
Katanya bebas ongkir 0 tapi min 20.000,negative
mantaf pokonya,positive
"gajelas dah lg blnja pake voucher 50rb trs barangnya dibatalkan sistem, lalu direfund melalui saldo tokopedia namun saat saya ingin melakukan transaksi menggunakan saldo tokped tersebut itu tidak ada pilihannya. saya sudah chat ke bantuannya tapi katanya melakukan transaksinya harua menggunakan perangkat yang berbeda atau buka di desktop web/web.",negative
Udah ga ada bebas ongkir 20rb sejak ada Plus...cashbacknya aja udah susah dpt nya...udah ga number 1 lg,negative
baru nyoba,positive
hatur nuhun ka bapak Jajang hasil,positive
Bagaimana cara pasang Tokopedia di PC laptop?,positive
Mantap abis,positive
"Dear cs tokped,.jika kalian belanja di tokped,.jgn gunakan Gojek, gunakan kurir reg,. Karena drivernya bnyak kesiksa,. Tarif yg di dpt mitra murah, jemput brangnya jauh,.auto cancel orderan kalian sma driver gojek. Jd yg seharusnya hari itu jg bisa sampe,.karena kelicikan GOTO,. Jd barang kalian bisa berhari² baru sampe,.hoki ja klo hari itu bisa sampe,.karena driver gojeknya terpaksa,. Sekali lg,.gunakan expedisi reg ( jne,j&t,sicepat dll ) Ok, salam akal sehat",negative
Sangat bagus,positive
good,positive
Knpa tokopedia ga bisa dibuka ya.... Gangguan server ktnya,negative
terdebest,positive
Banyak hadiah nya dan banyak diskon besar besaran👍,positive
selalu memuaskan,positive
mantap,positive
"mau share link barang aja loading nya lama, payah. mohon segera diperbaiki",negative
"Cs-nya udah jadi bodoh, beda sama yang dulu, lebih mihak pembeli daripada penjual. Inget cok gaji yang anda makan itu berasal dari fee penjual & top up iklan penjual, bukan pembeli. 🖕",negative
Bagus sangat membantu banyak gratosan nys,neutral
mantab,positive
"Dapat voucher pas dipake tiba2 dibatalin, kalah sama sih orange 🤣",negative
"Kenapa tokped sekarang biaya ongkir ny mahal sekali,kdg2 tidak masuk akal. Padahal dlu paling gak ribet,bnr2 gratis ongkir. Dan prh belanja d toko yg sama tapi ongkir ny luar biasa jd mahal sekali. Jd males belanja d tokped lagi",negative
Sangat murah sekali belanja di Tokopedia,positive
Teganya kau membocorkan data pelanggan,negative
"Dapet kurir sapx, maen asal kirim aja ke tempat orang, padahal alamat udh jelas lengkap , pake patokan juga, titik sesuai, biasa dpt kurir lain slalu nyampe , pesen pke sameday/instan juga smp. Ini malah nyasar maen asal kasih ke orang laen yg gak sesuai alamat tertera. Malah bini gue disuruh ambil sendiri, kurir macem apa itu. TOLONG DIPERBAIKI MASALAH KOMPLAIN AGAR KAYA UNDER 2018 GERCEP, SEKARANG LEMOT SEMENJAK GOTO!!! GUE JADI KAPOK KLO BLANJA OBAT DISINI NTAR KYAK GITU LAGI! KURIR GAK JELAS",negative
"Pengiriman cepat, barang sesuai pesanan, senang belanja di toko pedia",positive
sangat nyaman dengan aplikasinya,positive
Sangat puas...,positive
"Sistem pencarian lebih baik yang dulu, daripada sekarang.",positive
good,positive
good ok,positive
Bagus aplikasi suka sukses terus buat Tokopedia.,positive
tokopedia... oke...,positive
kredivo memang yang terbaik dengan pelayanan yang memuaskan,positive
aplikasi sangat baguss buat blanja,positive
mantapzzzzz,positive
membantu lah,positive
Good,positive
"Sebaiknya hilangkan opsi ekspedisi anter aja, karena sudah sering kali kejadian barang tidak sampai menggunakan ekspedisi tersebut",negative
Tq buat tokopedia,positive
Ribet.. Pakai pilih pilih pengiriman. Dan gk bisa lansung cod.,neutral
setelah bolak-balik mencoba belanja di tokopedia mengunakan paylater..akhirnya berhasil..ini belanja saya yg pertama..terima kasih tokopedia atas kerja samanya..,positive
memuaskan,positive
support sekali,positive
cepat prosesnya. terima kasih Toko Pedia,positive
Hp jadi berat bgt kl buat pencarian barang..,negative
pesanan tepat waktu,positive
Bagus,positive
jangan lama barang nya uang udah masuk,positive
Mudah dan cepat,positive
mantap jiwa,positive
Serba ada dan banyak promonya 🤑,positive
Ok,positive
"Terlalu sering update nih apps, pas update juga sering gagal",neutral
Lengkap,positive
maksih,positive
Aplikasi ny lemot.,negative
Terpercaya & ketat untuk aqun penjual yang berniat tdk baik,positive
bagus sekali banyak promosi an,positive
pokoknya mantap Tokopedia,positive
sangat membantu,positive
puas,positive
nihomeng good amzing,positive
Saran dong. Kami penjual jarang dapat ulasan dari pembeli. Harusnya ada kebijakan bonus/gift ke pembeli yang memberikan ulasan produk. Ulasan sangat berharga untuk testimoni produk,neutral
"Jossss, gw beli buku bekas, tapi berkualitas, Pake Promo Diskon, Cuma Bayar Cenggo, tapi gak tahu bisa sampe apa gak. Ntar gw edit bintang nya kalo barang sampe..",neutral
mantap,positive
mantap,positive
"Saya beli penyebar pupuk di Tokopedia, dikirim sandal pakai resi jnt shopee. Hilang uang saya 3,5jt....banyak toko penipu di Tokopedia ...foto ditampilkan tidak asli , tinggal ambil dari google...trus bisa jualan dengan cara nipu...Tokopedia tidak seleksi toko toko penipu2 yang pura2 jualan dengan gambar diambil dari google...",negative
ok,positive
good,positive
Mantap,positive
cakep. pengguna baru dapet gratis.,positive
Bagus dan cepat,positive
notifikasi gak penting muncul mulu.,neutral
Praktis,positive
"Makin sni bukan tmbh maju. Malah mengalami kemunduran. Gratis ongkir dan cashback malah ga bsa digunakan bersamaan. Tidak rmah, bintang 1",negative
makasih tokped lumayan untuk pengguna baru dapet gratis 0 rupiah,positive
Sangat buruk!!!,negative
"Sangat mengecewakan , biasanya penarikan dana cepet ini udah 2 hari malah di tahan terus ...",negative
sangat membantu.,positive
"Tolong tokped, klo gk mau dapet rating busuk, minimal buang tuh ekspedisi ID EXPRESS, gk jelas bgt nih ekspedisi, jelas² rumah gw selalu ada org, di track lacak, tertulis penerima tdk ada di rumah, ini tu niat ngirim gk siih, beriri teguran dong miin buat ekspedisi yg gk becus, buang aja sekalian tuh, sicepat halu juga tuh. Buat penilaian bobrok aja",neutral
mantap,positive
"Kupon tidak bisa dipakai CS lama merespon, 1 jam menunggu satu pertanyaan tidak terjawab / pun terselesaikan.",negative
Terbaik,positive
mantap,positive
Good job,positive
maksih saya kasih bintang 5,positive
mantep bnget dah,positive
Okelah sempet ngedumel ada biaya aplikasi. Eh makin ke sini makin ga enak. Cashback sama voucher ongkir ga bisa dipake barengan. Fix lah coba cari market place yang lain. Bye bye tokped.,negative
Oke2 aja aplikasinya,positive
tokped skrng pelit gratis ongkir,negative
Pudin,positive
bagus pokoknya,positive
"Kalo mau ngasih promo tuh yang bener, ini kan jadi makan waktu orang buat pilih barang"" yang emang bener dibutuhin, ehh giliran dah co malah batal gegara sistem. Mending dari awal jangan kasih promo lah kalo bakal batal, PHP aja.",negative
"Kemarin2 bintang 5, tp maaf sekarang aku turunin jadi bintang 1 ya karena kecewa sama tokped setelah di update. Seharusnya tokopoints tetap ada jangan diubah ke GoCoins karena tidak semua orang menggunakan aplikasi gojek. Dan sekarang untuk mendapatkan promo atau cashback kebanyakan harus bayar pakai gopay 😭",positive
"live chat costumer service nya gak bisa diandalkan, dichat ga direspon",negative
lumayan...cuma estimasi penerimaan barang perlu di persingkat...!,positive
mekuaskan,positive
"Baru jg blnja pertama kali dsini, udh di bkin kcewa, order beras dr tgl 14 pngriman jkr smpe skrg blm smpe, ak komplen refund smpe skrg blm di kembalikan jg, trnyta ribet iah blnja di sni gk kaya di toko orange, klo qt cancel atw mnta refund, hari itu jg lgsung cair, Lah dsni nunggu 14 hri di tambah lg 4hr krj dr resolusi slasai, jd 18hri, gmn klo uang it urgen, hrs nunggu ampe 3mgu, PARAH....!!! td na mau langganan, jd mls ky gini, lbh nyman blnja di toko orange,balik lg dech ke toko orange",negative
kalo bagus di kasih b 5 yah .,neutral
mntappp,positive
"Kenapa layak dapat rating 5, Ya karena selama ini aman dan lancar dulu pas kawin sama ovo selalu. Banyak cashback, sekarang kawin sama gopay pun juga dapat, bahkan bayar pake transfer pun juga dapat cashback. Pencairan emas juga lancar tanpa kendala, pembelian reksadana juga menunggu sehari baru sukses selesai. Semoga tokped selalu berkembang. Withdraw hasil jualan juga lancar langsung masuk rekening. Insya Allah tokped aman. Melihat owner nya juga baik, idealisme juga bagus, top",positive
"Setelah merger dengan gojek menjadi goto bikin tokopedia jadi jelek banget. Gratis ongkir tidak guna, kupon pelit. Parahnya sering pembatalan cashback dan sembarangan bikin akun tidak bisa pakai promo. Tolong diperbaiki donk, banyak penguna setia yg belanja real dan cuma punya 1 akun dibikin tidak bisa pakai promo. Lama lama habis penguna toped.",negative
Apalah dapat promo harga 50 jadi 20 langsung di batalin otomatis sama sistem!,positive
toped emang mantab,positive
mantul,positive
kok Tokopedia gak ada diadakan game dapat koin kayak disebelah shopy ada koin juga lasada ada koin ya.. sory aku dah gak lagi belanja di Tokopedia ya..krn Tokopedia terlalu pelit gak mau kasih voucher diskon sorry ya 🙏🙏,negative
Asli kecewa bgtt beli emoney siang gak masuk smpe malam. Biasanya gk kyk gni. Transaksi berhasil tapi saldo emoney gk nambah. Tolong donk nanti saya kasih bintang 5,negative
Biar bintang yg njelasin,positive
"Semuanya oke,Semoga berkah",positive
Benar-benar arabika Gayo. Aromanya luar biasa,positive
sangat bagus rekomendasi,positive
penipu....belanja bermasalah di komplain retur potongan 50%,negative
Kenapa. Lo asal asal batalin pesanan gua. Huffffffffff tanpa knfirmasi lagi,negative
terimakasih tokopedia,positive
"masih tetap nyaman pakai toped,, always the best dah",positive
OK lanjutkan,positive
"Mending ke SHOPEE aja woy, gua minta banding lebih dukung penjual nya kocak.. padahal mah harga gak seberapa",negative
Terimakasih banyak atas layanan semoga bermanfaat bagi kita semua,positive
Recomended banget buat shoping sangat membantu,positive
sip beneran 0 rupiah untuk pengguna baru,positive
"Belanja nyaman dan mudah, hanya di tokopedia",positive
"Gak ada masalah sama aplikasinya tpi seller nya banyak yang bermasalah chat bukan slowresp lagi tapi kadang sampe gk dibalas sering juga pesanan gk dikirim sampe kebatal kayak gk niat jualan tolong pihak Tokopedia semoga lebih tegas lagi sama seller""nya kalo kyak gini jdi males mau belanja di tokped",positive
jossssss,positive
👍👍👍👍👍,positive
"Tolong tambahkan rekening bca digital supaya saya bisa pakai bca virtual,mohon ditindak lanjuti",positive
"Tokopedia sangat menarik dari toko online lainnya....onkir gratis,caseback,dll.. Pokoknya tokopedia no one.....tks tokopedia smg tambah sukses...",positive
👍👍👍👍,positive
Goooooood,positive
memuaskan,positive
tokopedia sangat membantu saya untuk berbelanja tokopedia sangat praktis dan sangat menguntungkan saya saat berbelanja Terima Kasih Tokopedia kamu memang sangat membantu ⚘,positive
bagus,positive
jooss,positive
Lama saat mendonglut nya,negative
Sangat membantu buat cari pemasukan tambahan trima lasih tokped.,positive
ok,positive
Ok sih toped tp pernah kecewa sekali jadi bintang 4 dl y...,positive
mudah dan cepat respon,positive
"Fitur chat online buat keluhan kurang respon, kurang jelas & tidak cepat ditangani seperti apk sebelah yg orange!!!",negative
minta update mulu mengganggu,neutral
Yakin ini bintang 1 lbh byk tapi tokped asik delete bintang 1 terus ya :)))) hahaaa bintang mah engga bisa berbohong. Yang pake kecewa,negative
Caur,negative
"Terlalu sulit nyari produk yang kita mau + harus verifikasi umur nya juga susah,,, Tolong di permudah lagi untuk pencarian produk",neutral
aplikasi gk jls,negative
"Sekarang tidak ada pembayaran vitur COD, malah dihapus😒😞, sudah benar lewat ada COD enak, saya mau beli barang batre saya ingin pembayaran lewat cod, pembayaran malah lewat tranfer repot , saya tidak suka pembayaran lewat tranfer, mending tahun kemarin ada COD nya, dari pada tahun sekarang👎🙁😑😤 repot",negative
Banyak mromonya pengirimannya cepat,positive
"Macet macet, error, gada diskon, pelit, ongkir mahal, bintang 1",negative
good,positive
Jangan dwonlod cok susah sekarang ngapa dikit di batalin,negative
Sep,positive
tokopedia kereeen,positive
Good,positive
"Baru pertamakali makai tokopedia udah nyesel, soalnya. Kurirnya malas banget alias lelet, udah gitu pembeli pulak yg disuruh ambil barang nya ke sebuah tempat, padal gua belinya ""COD"". Skrg gua mau nanya kepada YTH : pihak tokopedia, bukan kah COD itu antar ditempat alias trima barang baru bayar kekurir. Tp nyatanya malah gua disuruh kurir ambil barang saya kesuatu tempat yg sudah kurir tetapkan. Nyesel banget gua belanja di tokpedia.. 😩😩😩😩",negative
Paling suka pakai Tokopedia,positive
mantap promonya,positive
Kena PHP promo.. pesanan sudah diproses malah dibatalkan sistem.. 😩,negative
Alhamdulillah,positive
Good,positive
super,positive
mantap,positive
Bagussss,positive
👍👍,positive
Dr aplikasinya sih sudah bagus tapi kenapa semakin kesini kok dari pelayanannya menurun yg jadi kendala dr jasa pengiriman tlg diperbaiki lagi karna dr jasa pengiriman lambat sekali masak kita sesama surabaya saja pengiriman sampe 7hari kerja ga kebayang yg luar kota bisa berminggu minggu....bukan berarti kita belanja dngan promo trus dikesampingkan...trimkasih itu ja smga bisa jd masukan,neutral
Poko Tokopedia top,positive
Tokopedia trimakasi,positive
bagus🤑🤑🤑🤑🤑,positive
Bermanfaat,positive
Sukses slalu..agar menjadi lebih baik lagi,positive
"GK bisa berkata"",,,bintang sudah mengatakan semuanya..👍",positive
Tokopedia Sangat bagus karena utk klaim asuransi kerusakan dlm pengiriman mau membantu dan diganti full harga barang.... terimakasih Tokopedia... untuk para pembeli jgn lupa untuk menyertakan asuransi kerusakan saat pmbelian dan jika barang sudah sampai sertakan video unboxing... karena jika ada masalah dgn barang rusak pasti Tokopedia membantu tapi ya dengan proses nggak langsung...jadi kita tetep gak rugi....,positive
Kenapa di cancel mulu kalau pakek voucher padahal akun cuma 1 rugi nyimpen saldo buat apa kalo ga kepake,negative
"udah mamber diamond dong uang selalu direfund, paket hilang selalu balik.. gak percaya sama apk laen.. topedemang de best",positive
mantap,positive
keren,positive
maa syaa Allah,positive
Batas free ongkir cod nya jangan d batasi donk.. Thx toped,positive
transaksi sangat cpt dan mudah,positive
Selama ini oke oke saja,positive
mantap apk belanja rekomendasi,positive
makasih tokped,positive
kerenn,positive
Is so the best,positive
alhamdulillah banyak diskon,positive
"mulanya bingung cara pake paylater,akhirnya berhasil",positive
Alhamdulilah,positive
bagus,positive
istimewa,positive
Thank you Tokopedia semoga sukses selalu,positive
cocok buat usaha jg,positive
bagus,positive
😘😎,positive
Bru mencoba,positive
luar biasa,positive
"Kupon promo dan free ongkir banyak tapi tidak bisa di gunakan,,, tidak tahu kenapa tokopedia saya tiba2 rusak seperti ini",positive
BAHAGIA BANGET BISA BELANJA DI TOKOPEDIA PENGGUNAAN BARU 0 ONGKIR,positive
mantaaap,positive
Susah sekali untuk menghubungi customer service ujung-ujungnya AI. Tolong dong dipermudah konsumen butuh yang asli bukan AI,neutral
mantap,positive
👍👍,positive
Tong ngaganggu mun ker maen game teh ey,positive
Bagus .,positive
Ok,positive
Ok,positive
Sangat membantu,positive
ok,positive
oke,positive
3dulu... udah beberapa kali.. mau cek out barang ke pembayaran tapi kenapa gada yg bisa bayar ...gelap semua,neutral
MaNTuuuuuuuL.....,positive
mantap👍,positive
Mantap.....👍👍,positive
cucok,positive
Aplikasi Nya Cukup Bagus Tapi Ongkir Terlalu Mahal Tidak Sepadan Dengan Harga Barang Nya !!?,neutral
"Sudah saya uninstall aplikasi ini sejak bbrapa bulan yll, nggak jelas sudah susah2 3th terakhir jadi member diamind transaksi ratusan jt/th di app ini. Ujung2 nya akun diblokir dari semua promo.. ya wes pindah aja ke si oren.. sayonara kopedddd 🔥🔥",negative
ok,positive
thanks proses pemesanan barang sangat mudah,positive
sangat membantu..euy...,positive
mantap,positive
ok,positive
"Bulan ini update 3kali loeh, parah",positive
pelayanan yang bagus,positive
CASHBACK PERLU DIGALAKAN,positive
"aplikasi konntoool,gk niat ksih promo",negative
"Tolong ditambahkan fitur komentar, biar sy bisa kasi penjelasan ke orang2 tolol yg ga ngerti produk sama kualitas dan maen asal bacot ke penjual padahal yg ga ngerti si pembeli seenggaknya biar mereka bisa ngehargain penjual. Kebanyakan pembeli ga baca desk, sy juga pembeli tapi kesel aja liat komenan pembeli2 yg kurang ngerti, kurang memaklumi, kurang menghargai kerja keras orang. Masa minus 1% aja ngomel2. Kita hargainlah penjual & kurir yg repot2 ngebungkusin jauh2 nganterin barang kita....",positive
mantap,positive
👍,positive
mantap,positive
Mantap Tokopedia...Terimah kasih karena berapa seller di toko pedia sudah bisa COD.👍👍,positive
cakep lah tokopedia,positive
Mahal ongkos nya sekarang,negative
Good,positive
"Sistem pembayaran CODnya belum merata, banyak seller tidak mengaktifka COD atau ketika pilih gratis ongkir kok malah gak bisa COD. Membingungkan",neutral
Komplain barang belum diterima sampai detik ini juga gak ada pengembalian dana...Uda diluar waktu batas menunggu jauh..hubungi CS yg bukan robot juga kesulitan..sampai hari ini tanggal 26 oktober..uang saya belum juga dikembalikan...nunggu mulai Agustus....tidak dapat dipercaya...sebelum kejadian kayak saya lebih hati hati brother...sudah hubungi Tokopedia care hasilnya sama saja sampai detik ini..27 Oktober gak ada perkembangan...sampai hari ini 13 November kasus saya juga belum terselTokopedia,negative
karna ada kobo,positive
Nice,positive
"S&K terlalu berbelit-belit dan tidak jelas, saya tidak melakukan pelanggaran apapun tapi dianggap melanggar aturan sehingga tidak dapat menggunakan promo, kalo ga niat ngasih promo mending gausah ngasih, toko sebelah aman aman aja, disini ribet amat",negative
Responsif,positive
siipp pokonya,positive
"Kenapa Perusahaan Sekelas Tokopedia Ga Punya Customer Service Via Telpon?Kenapa Program Reward Bagi Tokopedia Seller dihentikan Bulan April 2023?Kalian dah Ambil Komisi banyak Giliran Seller Mencapai Target Penjualan Program dihentikan.Kenapa Menghapus Iklan Tapi Giliran Iklan itu Laku Kalian Ambil KOMISI?Kapan Kalian Hargain Seller?Lu tau ga karena dari dia lu dapet komisi,Dari Rating Bagus Lu dapet Komisi,tp diem ketika seller dirating jelek sama buyer gara2 kesalahan buyer.Kerja Yg BENER!!",negative
Kenapa ini metode pembayaran COD tidak bisa di gunakan saya sangat kecewa,negative
Ok,positive
istimewa,positive
